fecha,id_tienda,id_producto,y_pred,demanda_real,coverage_target,q_hat_weekly_producto
2024-03-25,STORE_01,PROD_001,5.815134601868617,4,0.9941520467836257,12.175753926501315
2024-03-26,STORE_01,PROD_001,5.713931104901344,7,0.9941520467836257,12.175753926501315
2024-03-27,STORE_01,PROD_001,5.860073043759761,6,0.9941520467836257,12.175753926501315
2024-03-28,STORE_01,PROD_001,5.871254438140984,9,0.9941520467836257,12.175753926501315
2024-03-29,STORE_01,PROD_001,8.983061922909954,9,0.9941520467836257,12.175753926501315
2024-03-30,STORE_01,PROD_001,9.15973718886807,10,0.9941520467836257,12.175753926501315
2024-03-31,STORE_01,PROD_001,9.096769069879286,6,0.9941520467836257,12.175753926501315
2024-03-25,STORE_01,PROD_002,6.760665086831512,8,0.9935205183585313,35.15096648705216
2024-03-26,STORE_01,PROD_002,6.793928306142319,6,0.9935205183585313,35.15096648705216
2024-03-27,STORE_01,PROD_002,6.150836996483676,9,0.9935205183585313,35.15096648705216
2024-03-28,STORE_01,PROD_002,6.906145873119371,13,0.9935205183585313,35.15096648705216
2024-03-29,STORE_01,PROD_002,10.887575991968912,7,0.9935205183585313,35.15096648705216
2024-03-30,STORE_01,PROD_002,10.66294942474405,14,0.9935205183585313,35.15096648705216
2024-03-31,STORE_01,PROD_002,10.831955158941714,12,0.9935205183585313,35.15096648705216
2024-03-25,STORE_01,PROD_003,7.425631663517051,7,0.9950248756218906,26.381499557816596
2024-03-26,STORE_01,PROD_003,7.247652820007879,9,0.9950248756218906,26.381499557816596
2024-03-27,STORE_01,PROD_003,7.317312438325023,12,0.9950248756218906,26.381499557816596
2024-03-28,STORE_01,PROD_003,8.270398136780141,8,0.9950248756218906,26.381499557816596
2024-03-29,STORE_01,PROD_003,12.269633556427214,12,0.9950248756218906,26.381499557816596
2024-03-30,STORE_01,PROD_003,12.395050708042373,7,0.9950248756218906,26.381499557816596
2024-03-31,STORE_01,PROD_003,12.466094019977858,13,0.9950248756218906,26.381499557816596
2024-03-25,STORE_01,PROD_004,6.596985371616758,5,0.989010989010989,17.886398223428138
2024-03-26,STORE_01,PROD_004,6.33812951937154,10,0.989010989010989,17.886398223428138
2024-03-27,STORE_01,PROD_004,6.628986041588854,4,0.989010989010989,17.886398223428138
2024-03-28,STORE_01,PROD_004,6.517292719139697,5,0.989010989010989,17.886398223428138
2024-03-29,STORE_01,PROD_004,9.428057094731278,0,0.989010989010989,17.886398223428138
2024-03-30,STORE_01,PROD_004,9.046635444817703,15,0.989010989010989,17.886398223428138
2024-03-31,STORE_01,PROD_004,10.404888491176331,7,0.989010989010989,17.886398223428138
2024-03-25,STORE_01,PROD_005,9.430476207088958,12,0.9883720930232558,34.30028935675546
2024-03-26,STORE_01,PROD_005,9.545406386861297,11,0.9883720930232558,34.30028935675546
2024-03-27,STORE_01,PROD_005,8.914546300153757,8,0.9883720930232558,34.30028935675546
2024-03-28,STORE_01,PROD_005,8.735907996224164,11,0.9883720930232558,34.30028935675546
2024-03-29,STORE_01,PROD_005,12.9249903099042,11,0.9883720930232558,34.30028935675546
2024-03-30,STORE_01,PROD_005,13.30711254549008,17,0.9883720930232558,34.30028935675546
2024-03-31,STORE_01,PROD_005,12.985903794206598,3,0.9883720930232558,34.30028935675546
2024-03-25,STORE_01,PROD_006,10.374340612261303,12,0.989247311827957,37.426765983566725
2024-03-26,STORE_01,PROD_006,10.71814412881194,9,0.989247311827957,37.426765983566725
2024-03-27,STORE_01,PROD_006,9.871087674711646,5,0.989247311827957,37.426765983566725
2024-03-28,STORE_01,PROD_006,9.644625364358353,10,0.989247311827957,37.426765983566725
2024-03-29,STORE_01,PROD_006,14.651671096016779,9,0.989247311827957,37.426765983566725
2024-03-30,STORE_01,PROD_006,15.25791649578292,21,0.989247311827957,37.426765983566725
2024-03-31,STORE_01,PROD_006,15.35223103730211,14,0.989247311827957,37.426765983566725
2024-03-25,STORE_01,PROD_007,8.395131732543195,12,0.9852216748768473,41.86214698906616
2024-03-26,STORE_01,PROD_007,8.912986610496686,5,0.9852216748768473,41.86214698906616
2024-03-27,STORE_01,PROD_007,8.435860193077419,12,0.9852216748768473,41.86214698906616
2024-03-28,STORE_01,PROD_007,8.826819079565471,12,0.9852216748768473,41.86214698906616
2024-03-29,STORE_01,PROD_007,12.34069892373108,14,0.9852216748768473,41.86214698906616
2024-03-30,STORE_01,PROD_007,12.501444528366633,17,0.9852216748768473,41.86214698906616
2024-03-31,STORE_01,PROD_007,12.206494897045442,11,0.9852216748768473,41.86214698906616
2024-03-25,STORE_01,PROD_008,8.214652765818325,13,0.9836065573770492,42.59332003067476
2024-03-26,STORE_01,PROD_008,8.712996495131298,6,0.9836065573770492,42.59332003067476
2024-03-27,STORE_01,PROD_008,8.393047755710256,7,0.9836065573770492,42.59332003067476
2024-03-28,STORE_01,PROD_008,8.91233851076742,5,0.9836065573770492,42.59332003067476
2024-03-29,STORE_01,PROD_008,11.313013800276035,13,0.9836065573770492,42.59332003067476
2024-03-30,STORE_01,PROD_008,12.157883812612662,11,0.9836065573770492,42.59332003067476
2024-03-31,STORE_01,PROD_008,11.060952752870087,15,0.9836065573770492,42.59332003067476
2024-03-25,STORE_02,PROD_001,8.71590842324125,11,0.9941520467836257,12.175753926501315
2024-03-26,STORE_02,PROD_001,8.7408857743038,6,0.9941520467836257,12.175753926501315
2024-03-27,STORE_02,PROD_001,8.461499702938351,8,0.9941520467836257,12.175753926501315
2024-03-28,STORE_02,PROD_001,8.4409348965851,4,0.9941520467836257,12.175753926501315
2024-03-29,STORE_02,PROD_001,12.125587729777994,17,0.9941520467836257,12.175753926501315
2024-03-30,STORE_02,PROD_001,13.392743292444612,12,0.9941520467836257,12.175753926501315
2024-03-31,STORE_02,PROD_001,12.043028849597146,13,0.9941520467836257,12.175753926501315
2024-03-25,STORE_02,PROD_002,12.493428729964211,8,0.9935205183585313,35.15096648705216
2024-03-26,STORE_02,PROD_002,11.457178476254004,10,0.9935205183585313,35.15096648705216
2024-03-27,STORE_02,PROD_002,11.60077622038876,6,0.9935205183585313,35.15096648705216
2024-03-28,STORE_02,PROD_002,11.062342754690457,13,0.9935205183585313,35.15096648705216
2024-03-29,STORE_02,PROD_002,16.740562352740067,20,0.9935205183585313,35.15096648705216
2024-03-30,STORE_02,PROD_002,16.681431000232145,16,0.9935205183585313,35.15096648705216
2024-03-31,STORE_02,PROD_002,16.02463375644908,12,0.9935205183585313,35.15096648705216
2024-03-25,STORE_02,PROD_003,12.788321974348404,14,0.9950248756218906,26.381499557816596
2024-03-26,STORE_02,PROD_003,12.252333866017025,9,0.9950248756218906,26.381499557816596
2024-03-27,STORE_02,PROD_003,11.623888304804654,21,0.9950248756218906,26.381499557816596
2024-03-28,STORE_02,PROD_003,11.253832924168027,11,0.9950248756218906,26.381499557816596
2024-03-29,STORE_02,PROD_003,15.68606130797974,15,0.9950248756218906,26.381499557816596
2024-03-30,STORE_02,PROD_003,16.20543027099753,10,0.9950248756218906,26.381499557816596
2024-03-31,STORE_02,PROD_003,16.249443614882264,14,0.9950248756218906,26.381499557816596
2024-03-25,STORE_02,PROD_004,9.25593613394193,9,0.989010989010989,17.886398223428138
2024-03-26,STORE_02,PROD_004,8.924961570824076,11,0.989010989010989,17.886398223428138
2024-03-27,STORE_02,PROD_004,9.311705864095115,9,0.989010989010989,17.886398223428138
2024-03-28,STORE_02,PROD_004,9.130529054260279,11,0.989010989010989,17.886398223428138
2024-03-29,STORE_02,PROD_004,13.650712830326377,7,0.989010989010989,17.886398223428138
2024-03-30,STORE_02,PROD_004,13.156947172971389,13,0.989010989010989,17.886398223428138
2024-03-31,STORE_02,PROD_004,12.559457682615077,15,0.989010989010989,17.886398223428138
2024-03-25,STORE_02,PROD_005,14.28960364745939,17,0.9883720930232558,34.30028935675546
2024-03-26,STORE_02,PROD_005,15.043614306553948,13,0.9883720930232558,34.30028935675546
2024-03-27,STORE_02,PROD_005,14.370112646505884,12,0.9883720930232558,34.30028935675546
2024-03-28,STORE_02,PROD_005,14.10678271098682,13,0.9883720930232558,34.30028935675546
2024-03-29,STORE_02,PROD_005,18.58929351462613,13,0.9883720930232558,34.30028935675546
2024-03-30,STORE_02,PROD_005,17.957021063360518,13,0.9883720930232558,34.30028935675546
2024-03-31,STORE_02,PROD_005,18.031566670239975,27,0.9883720930232558,34.30028935675546
2024-03-25,STORE_02,PROD_006,10.7446962704441,13,0.989247311827957,37.426765983566725
2024-03-26,STORE_02,PROD_006,11.40730698641368,4,0.989247311827957,37.426765983566725
2024-03-27,STORE_02,PROD_006,11.750148647621096,8,0.989247311827957,37.426765983566725
2024-03-28,STORE_02,PROD_006,11.06850807971414,9,0.989247311827957,37.426765983566725
2024-03-29,STORE_02,PROD_006,15.204685127875528,11,0.989247311827957,37.426765983566725
2024-03-30,STORE_02,PROD_006,14.003911479100056,17,0.989247311827957,37.426765983566725
2024-03-31,STORE_02,PROD_006,15.706250653616884,10,0.989247311827957,37.426765983566725
2024-03-25,STORE_02,PROD_007,14.143535028593268,6,0.9852216748768473,41.86214698906616
2024-03-26,STORE_02,PROD_007,14.086779859784714,10,0.9852216748768473,41.86214698906616
2024-03-27,STORE_02,PROD_007,13.312885904036449,14,0.9852216748768473,41.86214698906616
2024-03-28,STORE_02,PROD_007,13.167459141603846,17,0.9852216748768473,41.86214698906616
2024-03-29,STORE_02,PROD_007,21.835933164236117,24,0.9852216748768473,41.86214698906616
2024-03-30,STORE_02,PROD_007,22.170432096374455,19,0.9852216748768473,41.86214698906616
2024-03-31,STORE_02,PROD_007,20.898170864263445,14,0.9852216748768473,41.86214698906616
2024-03-25,STORE_02,PROD_008,14.95373991270373,15,0.9836065573770492,42.59332003067476
2024-03-26,STORE_02,PROD_008,15.777665030840627,10,0.9836065573770492,42.59332003067476
2024-03-27,STORE_02,PROD_008,14.08520525420812,11,0.9836065573770492,42.59332003067476
2024-03-28,STORE_02,PROD_008,13.89462990547506,15,0.9836065573770492,42.59332003067476
2024-03-29,STORE_02,PROD_008,19.448398384323525,20,0.9836065573770492,42.59332003067476
2024-03-30,STORE_02,PROD_008,19.397613657170425,20,0.9836065573770492,42.59332003067476
2024-03-31,STORE_02,PROD_008,19.967360150136464,22,0.9836065573770492,42.59332003067476
2024-03-25,STORE_03,PROD_001,12.67139073317035,9,0.9941520467836257,12.175753926501315
2024-03-26,STORE_03,PROD_001,12.615931687389304,15,0.9941520467836257,12.175753926501315
2024-03-27,STORE_03,PROD_001,12.673283514666945,9,0.9941520467836257,12.175753926501315
2024-03-28,STORE_03,PROD_001,12.46169470137292,14,0.9941520467836257,12.175753926501315
2024-03-29,STORE_03,PROD_001,19.66814740897496,19,0.9941520467836257,12.175753926501315
2024-03-30,STORE_03,PROD_001,19.359068812399894,13,0.9941520467836257,12.175753926501315
2024-03-31,STORE_03,PROD_001,17.682185978200266,17,0.9941520467836257,12.175753926501315
2024-03-25,STORE_03,PROD_002,8.56651607540843,10,0.9935205183585313,35.15096648705216
2024-03-26,STORE_03,PROD_002,8.580089752613334,6,0.9935205183585313,35.15096648705216
2024-03-27,STORE_03,PROD_002,7.965932058664894,7,0.9935205183585313,35.15096648705216
2024-03-28,STORE_03,PROD_002,7.709097589613142,9,0.9935205183585313,35.15096648705216
2024-03-29,STORE_03,PROD_002,10.994259063295262,10,0.9935205183585313,35.15096648705216
2024-03-30,STORE_03,PROD_002,11.172504972845948,13,0.9935205183585313,35.15096648705216
2024-03-31,STORE_03,PROD_002,11.853680236733016,19,0.9935205183585313,35.15096648705216
2024-03-25,STORE_03,PROD_003,9.971268981757952,9,0.9950248756218906,26.381499557816596
2024-03-26,STORE_03,PROD_003,9.93070103130081,17,0.9950248756218906,26.381499557816596
2024-03-27,STORE_03,PROD_003,10.6967883960318,12,0.9950248756218906,26.381499557816596
2024-03-28,STORE_03,PROD_003,10.815382446893661,12,0.9950248756218906,26.381499557816596
2024-03-29,STORE_03,PROD_003,18.057025222842718,8,0.9950248756218906,26.381499557816596
2024-03-30,STORE_03,PROD_003,16.064227926555606,17,0.9950248756218906,26.381499557816596
2024-03-31,STORE_03,PROD_003,17.305453642405702,23,0.9950248756218906,26.381499557816596
2024-03-25,STORE_03,PROD_004,7.0941184874412,7,0.989010989010989,17.886398223428138
2024-03-26,STORE_03,PROD_004,6.966056990316104,8,0.989010989010989,17.886398223428138
2024-03-27,STORE_03,PROD_004,7.488192203591057,1,0.989010989010989,17.886398223428138
2024-03-28,STORE_03,PROD_004,6.995192326427365,11,0.989010989010989,17.886398223428138
2024-03-29,STORE_03,PROD_004,11.059090015029732,13,0.989010989010989,17.886398223428138
2024-03-30,STORE_03,PROD_004,11.113879019300175,14,0.989010989010989,17.886398223428138
2024-03-31,STORE_03,PROD_004,11.674175399124906,11,0.989010989010989,17.886398223428138
2024-03-25,STORE_03,PROD_005,17.45822091437768,22,0.9883720930232558,34.30028935675546
2024-03-26,STORE_03,PROD_005,19.050301634010687,25,0.9883720930232558,34.30028935675546
2024-03-27,STORE_03,PROD_005,19.58724147212759,18,0.9883720930232558,34.30028935675546
2024-03-28,STORE_03,PROD_005,19.589145656166785,14,0.9883720930232558,34.30028935675546
2024-03-29,STORE_03,PROD_005,23.323134438855067,26,0.9883720930232558,34.30028935675546
2024-03-30,STORE_03,PROD_005,25.1921020571779,31,0.9883720930232558,34.30028935675546
2024-03-31,STORE_03,PROD_005,23.864121866437944,16,0.9883720930232558,34.30028935675546
2024-03-25,STORE_03,PROD_006,17.17823351981892,19,0.989247311827957,37.426765983566725
2024-03-26,STORE_03,PROD_006,15.720036506831013,19,0.989247311827957,37.426765983566725
2024-03-27,STORE_03,PROD_006,16.195214481025538,10,0.989247311827957,37.426765983566725
2024-03-28,STORE_03,PROD_006,16.508393014618072,11,0.989247311827957,37.426765983566725
2024-03-29,STORE_03,PROD_006,25.73932247986589,27,0.989247311827957,37.426765983566725
2024-03-30,STORE_03,PROD_006,22.14214815743535,27,0.989247311827957,37.426765983566725
2024-03-31,STORE_03,PROD_006,23.05325131606336,28,0.989247311827957,37.426765983566725
2024-03-25,STORE_03,PROD_007,17.085859628274967,18,0.9852216748768473,41.86214698906616
2024-03-26,STORE_03,PROD_007,16.807414621477015,21,0.9852216748768473,41.86214698906616
2024-03-27,STORE_03,PROD_007,17.953794620616307,20,0.9852216748768473,41.86214698906616
2024-03-28,STORE_03,PROD_007,17.578549954952226,13,0.9852216748768473,41.86214698906616
2024-03-29,STORE_03,PROD_007,29.93067214255321,38,0.9852216748768473,41.86214698906616
2024-03-30,STORE_03,PROD_007,26.679773969005684,38,0.9852216748768473,41.86214698906616
2024-03-31,STORE_03,PROD_007,29.135504301276764,32,0.9852216748768473,41.86214698906616
2024-03-25,STORE_03,PROD_008,16.405141511404082,11,0.9836065573770492,42.59332003067476
2024-03-26,STORE_03,PROD_008,18.2308951259502,16,0.9836065573770492,42.59332003067476
2024-03-27,STORE_03,PROD_008,17.537562975992106,14,0.9836065573770492,42.59332003067476
2024-03-28,STORE_03,PROD_008,16.724825589195618,22,0.9836065573770492,42.59332003067476
2024-03-29,STORE_03,PROD_008,23.09458882963342,10,0.9836065573770492,42.59332003067476
2024-03-30,STORE_03,PROD_008,20.688530392308394,36,0.9836065573770492,42.59332003067476
2024-03-31,STORE_03,PROD_008,20.1382025808626,18,0.9836065573770492,42.59332003067476
2024-03-25,STORE_04,PROD_001,9.006649231748044,14,0.9941520467836257,12.175753926501315
2024-03-26,STORE_04,PROD_001,9.788977827068765,2,0.9941520467836257,12.175753926501315
2024-03-27,STORE_04,PROD_001,8.6369135041624,3,0.9941520467836257,12.175753926501315
2024-03-28,STORE_04,PROD_001,8.632849996721843,11,0.9941520467836257,12.175753926501315
2024-03-29,STORE_04,PROD_001,12.52166713764103,15,0.9941520467836257,12.175753926501315
2024-03-30,STORE_04,PROD_001,13.089092490661756,14,0.9941520467836257,12.175753926501315
2024-03-31,STORE_04,PROD_001,12.489826456586533,12,0.9941520467836257,12.175753926501315
2024-03-25,STORE_04,PROD_002,10.936916220041839,4,0.9935205183585313,35.15096648705216
2024-03-26,STORE_04,PROD_002,9.62191294348308,11,0.9935205183585313,35.15096648705216
2024-03-27,STORE_04,PROD_002,10.063576889444269,7,0.9935205183585313,35.15096648705216
2024-03-28,STORE_04,PROD_002,9.571259532392087,14,0.9935205183585313,35.15096648705216
2024-03-29,STORE_04,PROD_002,14.85882571065367,4,0.9935205183585313,35.15096648705216
2024-03-30,STORE_04,PROD_002,14.584239768412393,16,0.9935205183585313,35.15096648705216
2024-03-31,STORE_04,PROD_002,14.217352934636134,20,0.9935205183585313,35.15096648705216
2024-03-25,STORE_04,PROD_003,10.701398466831051,6,0.9950248756218906,26.381499557816596
2024-03-26,STORE_04,PROD_003,9.604564921107936,8,0.9950248756218906,26.381499557816596
2024-03-27,STORE_04,PROD_003,10.136452343780672,9,0.9950248756218906,26.381499557816596
2024-03-28,STORE_04,PROD_003,10.041827836572043,14,0.9950248756218906,26.381499557816596
2024-03-29,STORE_04,PROD_003,15.285097498450716,13,0.9950248756218906,26.381499557816596
2024-03-30,STORE_04,PROD_003,15.684511732485294,2,0.9950248756218906,26.381499557816596
2024-03-31,STORE_04,PROD_003,15.64226779004722,6,0.9950248756218906,26.381499557816596
2024-03-25,STORE_04,PROD_004,6.8471129979940315,2,0.989010989010989,17.886398223428138
2024-03-26,STORE_04,PROD_004,6.6226159233708595,4,0.989010989010989,17.886398223428138
2024-03-27,STORE_04,PROD_004,6.332483175081634,7,0.989010989010989,17.886398223428138
2024-03-28,STORE_04,PROD_004,6.9046581727623835,3,0.989010989010989,17.886398223428138
2024-03-29,STORE_04,PROD_004,8.558041364032364,17,0.989010989010989,17.886398223428138
2024-03-30,STORE_04,PROD_004,9.29353175232554,5,0.989010989010989,17.886398223428138
2024-03-31,STORE_04,PROD_004,8.380117112150286,7,0.989010989010989,17.886398223428138
2024-03-25,STORE_04,PROD_005,16.409086250644354,15,0.9883720930232558,34.30028935675546
2024-03-26,STORE_04,PROD_005,17.079408355817133,25,0.9883720930232558,34.30028935675546
2024-03-27,STORE_04,PROD_005,16.265361808309954,30,0.9883720930232558,34.30028935675546
2024-03-28,STORE_04,PROD_005,16.147864771026722,16,0.9883720930232558,34.30028935675546
2024-03-29,STORE_04,PROD_005,24.09507209253237,16,0.9883720930232558,34.30028935675546
2024-03-30,STORE_04,PROD_005,22.691708386676584,24,0.9883720930232558,34.30028935675546
2024-03-31,STORE_04,PROD_005,22.706496406904314,21,0.9883720930232558,34.30028935675546
2024-03-25,STORE_04,PROD_006,19.31518335120582,21,0.989247311827957,37.426765983566725
2024-03-26,STORE_04,PROD_006,17.875479668806996,17,0.989247311827957,37.426765983566725
2024-03-27,STORE_04,PROD_006,18.243621310458547,23,0.989247311827957,37.426765983566725
2024-03-28,STORE_04,PROD_006,18.505550151875063,28,0.989247311827957,37.426765983566725
2024-03-29,STORE_04,PROD_006,25.503144468993945,33,0.989247311827957,37.426765983566725
2024-03-30,STORE_04,PROD_006,26.541303486096492,29,0.989247311827957,37.426765983566725
2024-03-31,STORE_04,PROD_006,27.00505888578919,36,0.989247311827957,37.426765983566725
2024-03-25,STORE_04,PROD_007,11.088756479688827,10,0.9852216748768473,41.86214698906616
2024-03-26,STORE_04,PROD_007,11.413065702666753,9,0.9852216748768473,41.86214698906616
2024-03-27,STORE_04,PROD_007,11.132724194572644,9,0.9852216748768473,41.86214698906616
2024-03-28,STORE_04,PROD_007,11.226605505836064,9,0.9852216748768473,41.86214698906616
2024-03-29,STORE_04,PROD_007,16.537039122469544,16,0.9852216748768473,41.86214698906616
2024-03-30,STORE_04,PROD_007,17.16319437183463,11,0.9852216748768473,41.86214698906616
2024-03-31,STORE_04,PROD_007,16.352584700458237,14,0.9852216748768473,41.86214698906616
2024-03-25,STORE_04,PROD_008,21.244471134408897,26,0.9836065573770492,42.59332003067476
2024-03-26,STORE_04,PROD_008,19.648831068644498,12,0.9836065573770492,42.59332003067476
2024-03-27,STORE_04,PROD_008,17.98144958883485,19,0.9836065573770492,42.59332003067476
2024-03-28,STORE_04,PROD_008,17.921268999900263,21,0.9836065573770492,42.59332003067476
2024-03-29,STORE_04,PROD_008,25.972916592217867,29,0.9836065573770492,42.59332003067476
2024-03-30,STORE_04,PROD_008,25.50850842503441,38,0.9836065573770492,42.59332003067476
2024-03-31,STORE_04,PROD_008,26.026697793785832,31,0.9836065573770492,42.59332003067476
2024-03-25,STORE_05,PROD_001,8.26223169933371,7,0.9941520467836257,12.175753926501315
2024-03-26,STORE_05,PROD_001,7.951862007383085,5,0.9941520467836257,12.175753926501315
2024-03-27,STORE_05,PROD_001,7.9981216446278385,6,0.9941520467836257,12.175753926501315
2024-03-28,STORE_05,PROD_001,8.020293333641881,5,0.9941520467836257,12.175753926501315
2024-03-29,STORE_05,PROD_001,12.458612596803405,12,0.9941520467836257,12.175753926501315
2024-03-30,STORE_05,PROD_001,11.655112249127138,7,0.9941520467836257,12.175753926501315
2024-03-31,STORE_05,PROD_001,10.217979956035185,14,0.9941520467836257,12.175753926501315
2024-03-25,STORE_05,PROD_002,6.898751647831408,7,0.9935205183585313,35.15096648705216
2024-03-26,STORE_05,PROD_002,7.068308062917304,7,0.9935205183585313,35.15096648705216
2024-03-27,STORE_05,PROD_002,7.068308062917304,10,0.9935205183585313,35.15096648705216
2024-03-28,STORE_05,PROD_002,7.105122799718791,7,0.9935205183585313,35.15096648705216
2024-03-29,STORE_05,PROD_002,9.760883596660742,12,0.9935205183585313,35.15096648705216
2024-03-30,STORE_05,PROD_002,11.356352877496784,8,0.9935205183585313,35.15096648705216
2024-03-31,STORE_05,PROD_002,9.817571291704105,7,0.9935205183585313,35.15096648705216
2024-03-25,STORE_05,PROD_003,15.030872101200622,13,0.9950248756218906,26.381499557816596
2024-03-26,STORE_05,PROD_003,15.12187534944349,18,0.9950248756218906,26.381499557816596
2024-03-27,STORE_05,PROD_003,15.62388856034473,16,0.9950248756218906,26.381499557816596
2024-03-28,STORE_05,PROD_003,14.719372519508164,11,0.9950248756218906,26.381499557816596
2024-03-29,STORE_05,PROD_003,20.875877372320865,15,0.9950248756218906,26.381499557816596
2024-03-30,STORE_05,PROD_003,20.529499160071516,20,0.9950248756218906,26.381499557816596
2024-03-31,STORE_05,PROD_003,19.942405784680247,19,0.9950248756218906,26.381499557816596
2024-03-25,STORE_05,PROD_004,5.516422645875041,2,0.989010989010989,17.886398223428138
2024-03-26,STORE_05,PROD_004,5.32433517714284,7,0.989010989010989,17.886398223428138
2024-03-27,STORE_05,PROD_004,5.218349116022075,7,0.989010989010989,17.886398223428138
2024-03-28,STORE_05,PROD_004,5.327370268592871,4,0.989010989010989,17.886398223428138
2024-03-29,STORE_05,PROD_004,6.914542748816166,4,0.989010989010989,17.886398223428138
2024-03-30,STORE_05,PROD_004,6.859667250710833,2,0.989010989010989,17.886398223428138
2024-03-31,STORE_05,PROD_004,7.0585468868244945,6,0.989010989010989,17.886398223428138
2024-03-25,STORE_05,PROD_005,14.112510621828223,15,0.9883720930232558,34.30028935675546
2024-03-26,STORE_05,PROD_005,14.518294667315848,17,0.9883720930232558,34.30028935675546
2024-03-27,STORE_05,PROD_005,15.373663332456902,10,0.9883720930232558,34.30028935675546
2024-03-28,STORE_05,PROD_005,13.706216768970659,15,0.9883720930232558,34.30028935675546
2024-03-29,STORE_05,PROD_005,22.229845620538143,24,0.9883720930232558,34.30028935675546
2024-03-30,STORE_05,PROD_005,22.376144653009707,29,0.9883720930232558,34.30028935675546
2024-03-31,STORE_05,PROD_005,22.113379646041185,27,0.9883720930232558,34.30028935675546
2024-03-25,STORE_05,PROD_006,17.862059935876434,16,0.989247311827957,37.426765983566725
2024-03-26,STORE_05,PROD_006,18.858860188169785,23,0.989247311827957,37.426765983566725
2024-03-27,STORE_05,PROD_006,18.223327831047797,19,0.989247311827957,37.426765983566725
2024-03-28,STORE_05,PROD_006,19.042671387391394,17,0.989247311827957,37.426765983566725
2024-03-29,STORE_05,PROD_006,23.564004507436007,25,0.989247311827957,37.426765983566725
2024-03-30,STORE_05,PROD_006,23.812746703221034,20,0.989247311827957,37.426765983566725
2024-03-31,STORE_05,PROD_006,22.987789833690197,23,0.989247311827957,37.426765983566725
2024-03-25,STORE_05,PROD_007,13.456955238783031,9,0.9852216748768473,41.86214698906616
2024-03-26,STORE_05,PROD_007,13.497401433172211,9,0.9852216748768473,41.86214698906616
2024-03-27,STORE_05,PROD_007,13.320279346559353,11,0.9852216748768473,41.86214698906616
2024-03-28,STORE_05,PROD_007,13.775805677105318,16,0.9852216748768473,41.86214698906616
2024-03-29,STORE_05,PROD_007,24.083795657855394,25,0.9852216748768473,41.86214698906616
2024-03-30,STORE_05,PROD_007,22.076569984952215,22,0.9852216748768473,41.86214698906616
2024-03-31,STORE_05,PROD_007,23.387728570644143,22,0.9852216748768473,41.86214698906616
2024-03-25,STORE_05,PROD_008,20.388943169291373,18,0.9836065573770492,42.59332003067476
2024-03-26,STORE_05,PROD_008,20.66889178477101,21,0.9836065573770492,42.59332003067476
2024-03-27,STORE_05,PROD_008,18.745570505783384,25,0.9836065573770492,42.59332003067476
2024-03-28,STORE_05,PROD_008,21.121087978603782,29,0.9836065573770492,42.59332003067476
2024-03-29,STORE_05,PROD_008,25.375162145871943,37,0.9836065573770492,42.59332003067476
2024-03-30,STORE_05,PROD_008,25.052916704869457,26,0.9836065573770492,42.59332003067476
2024-03-31,STORE_05,PROD_008,24.480052577492028,23,0.9836065573770492,42.59332003067476
2024-03-25,STORE_06,PROD_001,7.274457345979339,7,0.9941520467836257,12.175753926501315
2024-03-26,STORE_06,PROD_001,7.15945827645705,4,0.9941520467836257,12.175753926501315
2024-03-27,STORE_06,PROD_001,7.028620884350702,7,0.9941520467836257,12.175753926501315
2024-03-28,STORE_06,PROD_001,7.379370484684692,7,0.9941520467836257,12.175753926501315
2024-03-29,STORE_06,PROD_001,10.293984999087687,4,0.9941520467836257,12.175753926501315
2024-03-30,STORE_06,PROD_001,10.261260138069328,8,0.9941520467836257,12.175753926501315
2024-03-31,STORE_06,PROD_001,9.486722466361847,11,0.9941520467836257,12.175753926501315
2024-03-25,STORE_06,PROD_002,9.61832668066444,9,0.9935205183585313,35.15096648705216
2024-03-26,STORE_06,PROD_002,9.409675005077448,9,0.9935205183585313,35.15096648705216
2024-03-27,STORE_06,PROD_002,9.395510929927173,5,0.9935205183585313,35.15096648705216
2024-03-28,STORE_06,PROD_002,9.53757714953145,10,0.9935205183585313,35.15096648705216
2024-03-29,STORE_06,PROD_002,14.065145777276896,15,0.9935205183585313,35.15096648705216
2024-03-30,STORE_06,PROD_002,14.13284334239909,14,0.9935205183585313,35.15096648705216
2024-03-31,STORE_06,PROD_002,14.455530247402427,21,0.9935205183585313,35.15096648705216
2024-03-25,STORE_06,PROD_003,8.169077820853703,4,0.9950248756218906,26.381499557816596
2024-03-26,STORE_06,PROD_003,7.288934943444055,10,0.9950248756218906,26.381499557816596
2024-03-27,STORE_06,PROD_003,8.24492702922386,1,0.9950248756218906,26.381499557816596
2024-03-28,STORE_06,PROD_003,7.3729659052000915,6,0.9950248756218906,26.381499557816596
2024-03-29,STORE_06,PROD_003,11.36822755378433,15,0.9950248756218906,26.381499557816596
2024-03-30,STORE_06,PROD_003,11.698525014047233,14,0.9950248756218906,26.381499557816596
2024-03-31,STORE_06,PROD_003,11.288347329391172,11,0.9950248756218906,26.381499557816596
2024-03-25,STORE_06,PROD_004,7.007224958358257,3,0.989010989010989,17.886398223428138
2024-03-26,STORE_06,PROD_004,6.739583374999876,4,0.989010989010989,17.886398223428138
2024-03-27,STORE_06,PROD_004,6.658415029511799,4,0.989010989010989,17.886398223428138
2024-03-28,STORE_06,PROD_004,6.676627427595232,8,0.989010989010989,17.886398223428138
2024-03-29,STORE_06,PROD_004,9.046044675047739,9,0.989010989010989,17.886398223428138
2024-03-30,STORE_06,PROD_004,9.576197181026155,3,0.989010989010989,17.886398223428138
2024-03-31,STORE_06,PROD_004,8.94994250963586,3,0.989010989010989,17.886398223428138
2024-03-25,STORE_06,PROD_005,10.013366995619485,16,0.9883720930232558,34.30028935675546
2024-03-26,STORE_06,PROD_005,11.721201652926831,12,0.9883720930232558,34.30028935675546
2024-03-27,STORE_06,PROD_005,12.079539397620186,11,0.9883720930232558,34.30028935675546
2024-03-28,STORE_06,PROD_005,11.879428341156713,11,0.9883720930232558,34.30028935675546
2024-03-29,STORE_06,PROD_005,16.22581534921346,14,0.9883720930232558,34.30028935675546
2024-03-30,STORE_06,PROD_005,15.688419152032576,10,0.9883720930232558,34.30028935675546
2024-03-31,STORE_06,PROD_005,15.865692866886679,22,0.9883720930232558,34.30028935675546
2024-03-25,STORE_06,PROD_006,11.222090984807922,12,0.989247311827957,37.426765983566725
2024-03-26,STORE_06,PROD_006,11.304010399778727,4,0.989247311827957,37.426765983566725
2024-03-27,STORE_06,PROD_006,10.446355471392165,9,0.989247311827957,37.426765983566725
2024-03-28,STORE_06,PROD_006,10.160935516634913,9,0.989247311827957,37.426765983566725
2024-03-29,STORE_06,PROD_006,16.481855945812494,14,0.989247311827957,37.426765983566725
2024-03-30,STORE_06,PROD_006,15.916604256994471,13,0.989247311827957,37.426765983566725
2024-03-31,STORE_06,PROD_006,15.839709312105018,16,0.989247311827957,37.426765983566725
2024-03-25,STORE_06,PROD_007,21.789193054403935,25,0.9852216748768473,41.86214698906616
2024-03-26,STORE_06,PROD_007,22.365106679021363,18,0.9852216748768473,41.86214698906616
2024-03-27,STORE_06,PROD_007,20.40368992629983,24,0.9852216748768473,41.86214698906616
2024-03-28,STORE_06,PROD_007,21.87526312007379,28,0.9852216748768473,41.86214698906616
2024-03-29,STORE_06,PROD_007,24.934996568022118,50,0.9852216748768473,41.86214698906616
2024-03-30,STORE_06,PROD_007,29.315458709193358,34,0.9852216748768473,41.86214698906616
2024-03-31,STORE_06,PROD_007,29.464581035249818,20,0.9852216748768473,41.86214698906616
2024-03-25,STORE_06,PROD_008,12.38640389669151,9,0.9836065573770492,42.59332003067476
2024-03-26,STORE_06,PROD_008,12.264148033220255,7,0.9836065573770492,42.59332003067476
2024-03-27,STORE_06,PROD_008,12.128644006204736,19,0.9836065573770492,42.59332003067476
2024-03-28,STORE_06,PROD_008,12.894044664431034,10,0.9836065573770492,42.59332003067476
2024-03-29,STORE_06,PROD_008,22.792335499023103,27,0.9836065573770492,42.59332003067476
2024-03-30,STORE_06,PROD_008,23.344088352290427,15,0.9836065573770492,42.59332003067476
2024-03-31,STORE_06,PROD_008,20.22886184986857,30,0.9836065573770492,42.59332003067476
2024-03-25,STORE_07,PROD_001,4.607029172062291,2,0.9941520467836257,12.175753926501315
2024-03-26,STORE_07,PROD_001,4.4919519466569735,2,0.9941520467836257,12.175753926501315
2024-03-27,STORE_07,PROD_001,4.356327788438206,4,0.9941520467836257,12.175753926501315
2024-03-28,STORE_07,PROD_001,4.37806725504872,5,0.9941520467836257,12.175753926501315
2024-03-29,STORE_07,PROD_001,5.441127732955492,3,0.9941520467836257,12.175753926501315
2024-03-30,STORE_07,PROD_001,5.002494713102309,2,0.9941520467836257,12.175753926501315
2024-03-31,STORE_07,PROD_001,4.828600403663863,4,0.9941520467836257,12.175753926501315
2024-03-25,STORE_07,PROD_002,6.2576638666711215,4,0.9935205183585313,35.15096648705216
2024-03-26,STORE_07,PROD_002,6.236883970494068,6,0.9935205183585313,35.15096648705216
2024-03-27,STORE_07,PROD_002,6.013528844363675,5,0.9935205183585313,35.15096648705216
2024-03-28,STORE_07,PROD_002,5.984177449969789,5,0.9935205183585313,35.15096648705216
2024-03-29,STORE_07,PROD_002,7.598711628250627,4,0.9935205183585313,35.15096648705216
2024-03-30,STORE_07,PROD_002,7.719850373103382,14,0.9935205183585313,35.15096648705216
2024-03-31,STORE_07,PROD_002,8.348303223906864,5,0.9935205183585313,35.15096648705216
2024-03-25,STORE_07,PROD_003,6.800241858733663,7,0.9950248756218906,26.381499557816596
2024-03-26,STORE_07,PROD_003,6.338905160257264,5,0.9950248756218906,26.381499557816596
2024-03-27,STORE_07,PROD_003,6.265676295247003,5,0.9950248756218906,26.381499557816596
2024-03-28,STORE_07,PROD_003,6.059198866776425,3,0.9950248756218906,26.381499557816596
2024-03-29,STORE_07,PROD_003,8.070789710225437,9,0.9950248756218906,26.381499557816596
2024-03-30,STORE_07,PROD_003,8.313315412756408,5,0.9950248756218906,26.381499557816596
2024-03-31,STORE_07,PROD_003,7.766293260531513,10,0.9950248756218906,26.381499557816596
2024-03-25,STORE_07,PROD_004,4.440040747405297,3,0.989010989010989,17.886398223428138
2024-03-26,STORE_07,PROD_004,4.2884476370569855,5,0.989010989010989,17.886398223428138
2024-03-27,STORE_07,PROD_004,4.459682737435437,1,0.989010989010989,17.886398223428138
2024-03-28,STORE_07,PROD_004,4.345798045827183,6,0.989010989010989,17.886398223428138
2024-03-29,STORE_07,PROD_004,5.444469465893639,8,0.989010989010989,17.886398223428138
2024-03-30,STORE_07,PROD_004,6.232253910980432,6,0.989010989010989,17.886398223428138
2024-03-31,STORE_07,PROD_004,5.876257529051402,4,0.989010989010989,17.886398223428138
2024-03-25,STORE_07,PROD_005,5.43127625027343,4,0.9883720930232558,34.30028935675546
2024-03-26,STORE_07,PROD_005,5.394081702558263,3,0.9883720930232558,34.30028935675546
2024-03-27,STORE_07,PROD_005,5.394081702558263,3,0.9883720930232558,34.30028935675546
2024-03-28,STORE_07,PROD_005,5.336435682056894,4,0.9883720930232558,34.30028935675546
2024-03-29,STORE_07,PROD_005,6.712687276550203,3,0.9883720930232558,34.30028935675546
2024-03-30,STORE_07,PROD_005,6.849382623502362,6,0.9883720930232558,34.30028935675546
2024-03-31,STORE_07,PROD_005,6.69316564215133,5,0.9883720930232558,34.30028935675546
2024-03-25,STORE_07,PROD_006,6.036929082868492,9,0.989247311827957,37.426765983566725
2024-03-26,STORE_07,PROD_006,6.388216797831734,7,0.989247311827957,37.426765983566725
2024-03-27,STORE_07,PROD_006,6.444839119630916,2,0.989247311827957,37.426765983566725
2024-03-28,STORE_07,PROD_006,6.4323651182353165,3,0.989247311827957,37.426765983566725
2024-03-29,STORE_07,PROD_006,8.31895929536047,14,0.989247311827957,37.426765983566725
2024-03-30,STORE_07,PROD_006,9.465508548374123,11,0.989247311827957,37.426765983566725
2024-03-31,STORE_07,PROD_006,9.079125231195665,5,0.989247311827957,37.426765983566725
2024-03-25,STORE_07,PROD_007,6.455382231584977,6,0.9852216748768473,41.86214698906616
2024-03-26,STORE_07,PROD_007,6.635078375785764,2,0.9852216748768473,41.86214698906616
2024-03-27,STORE_07,PROD_007,6.247863617391646,3,0.9852216748768473,41.86214698906616
2024-03-28,STORE_07,PROD_007,6.349903863325765,1,0.9852216748768473,41.86214698906616
2024-03-29,STORE_07,PROD_007,8.747023676370599,13,0.9852216748768473,41.86214698906616
2024-03-30,STORE_07,PROD_007,9.581947527429866,6,0.9852216748768473,41.86214698906616
2024-03-31,STORE_07,PROD_007,8.836491428212902,12,0.9852216748768473,41.86214698906616
2024-03-25,STORE_07,PROD_008,6.019674791910116,5,0.9836065573770492,42.59332003067476
2024-03-26,STORE_07,PROD_008,6.193269039143099,16,0.9836065573770492,42.59332003067476
2024-03-27,STORE_07,PROD_008,6.814644723420022,6,0.9836065573770492,42.59332003067476
2024-03-28,STORE_07,PROD_008,7.23271467121839,2,0.9836065573770492,42.59332003067476
2024-03-29,STORE_07,PROD_008,8.995016479630083,12,0.9836065573770492,42.59332003067476
2024-03-30,STORE_07,PROD_008,8.761386498211222,9,0.9836065573770492,42.59332003067476
2024-03-31,STORE_07,PROD_008,9.980140060307491,16,0.9836065573770492,42.59332003067476
2024-03-25,STORE_08,PROD_001,9.65324562684653,2,0.9941520467836257,12.175753926501315
2024-03-26,STORE_08,PROD_001,9.625175598543343,8,0.9941520467836257,12.175753926501315
2024-03-27,STORE_08,PROD_001,9.22587446934891,9,0.9941520467836257,12.175753926501315
2024-03-28,STORE_08,PROD_001,9.265911295822274,12,0.9941520467836257,12.175753926501315
2024-03-29,STORE_08,PROD_001,16.327338505539892,15,0.9941520467836257,12.175753926501315
2024-03-30,STORE_08,PROD_001,14.732199303587153,21,0.9941520467836257,12.175753926501315
2024-03-31,STORE_08,PROD_001,14.580811520804406,22,0.9941520467836257,12.175753926501315
2024-03-25,STORE_08,PROD_002,12.892659710324223,10,0.9935205183585313,35.15096648705216
2024-03-26,STORE_08,PROD_002,12.652880285818279,16,0.9935205183585313,35.15096648705216
2024-03-27,STORE_08,PROD_002,12.872758467562596,9,0.9935205183585313,35.15096648705216
2024-03-28,STORE_08,PROD_002,12.804699964792281,10,0.9935205183585313,35.15096648705216
2024-03-29,STORE_08,PROD_002,20.356290661680084,27,0.9935205183585313,35.15096648705216
2024-03-30,STORE_08,PROD_002,20.492427341352002,20,0.9935205183585313,35.15096648705216
2024-03-31,STORE_08,PROD_002,20.45094632686364,24,0.9935205183585313,35.15096648705216
2024-03-25,STORE_08,PROD_003,12.40618149708397,14,0.9950248756218906,26.381499557816596
2024-03-26,STORE_08,PROD_003,13.194582988025944,18,0.9950248756218906,26.381499557816596
2024-03-27,STORE_08,PROD_003,12.87340370965594,12,0.9950248756218906,26.381499557816596
2024-03-28,STORE_08,PROD_003,13.205420301830708,14,0.9950248756218906,26.381499557816596
2024-03-29,STORE_08,PROD_003,21.228678944363978,30,0.9950248756218906,26.381499557816596
2024-03-30,STORE_08,PROD_003,22.541161063330723,17,0.9950248756218906,26.381499557816596
2024-03-31,STORE_08,PROD_003,21.511624156026368,18,0.9950248756218906,26.381499557816596
2024-03-25,STORE_08,PROD_004,8.733883964184571,4,0.989010989010989,17.886398223428138
2024-03-26,STORE_08,PROD_004,8.66078779550403,9,0.989010989010989,17.886398223428138
2024-03-27,STORE_08,PROD_004,8.366530365788508,8,0.989010989010989,17.886398223428138
2024-03-28,STORE_08,PROD_004,8.868803700292846,6,0.989010989010989,17.886398223428138
2024-03-29,STORE_08,PROD_004,11.96681619495649,12,0.989010989010989,17.886398223428138
2024-03-30,STORE_08,PROD_004,12.346466898032014,12,0.989010989010989,17.886398223428138
2024-03-31,STORE_08,PROD_004,12.629234922599311,13,0.989010989010989,17.886398223428138
2024-03-25,STORE_08,PROD_005,19.11397738669106,24,0.9883720930232558,34.30028935675546
2024-03-26,STORE_08,PROD_005,19.871254592485176,28,0.9883720930232558,34.30028935675546
2024-03-27,STORE_08,PROD_005,19.620286400190384,17,0.9883720930232558,34.30028935675546
2024-03-28,STORE_08,PROD_005,19.19074163482188,17,0.9883720930232558,34.30028935675546
2024-03-29,STORE_08,PROD_005,32.95387893170748,44,0.9883720930232558,34.30028935675546
2024-03-30,STORE_08,PROD_005,34.01946049387026,42,0.9883720930232558,34.30028935675546
2024-03-31,STORE_08,PROD_005,31.49937637131576,40,0.9883720930232558,34.30028935675546
2024-03-25,STORE_08,PROD_006,19.747963961758437,15,0.989247311827957,37.426765983566725
2024-03-26,STORE_08,PROD_006,19.43494147916318,14,0.989247311827957,37.426765983566725
2024-03-27,STORE_08,PROD_006,20.61656252338763,27,0.989247311827957,37.426765983566725
2024-03-28,STORE_08,PROD_006,19.700138881686904,15,0.989247311827957,37.426765983566725
2024-03-29,STORE_08,PROD_006,34.0864944779742,32,0.989247311827957,37.426765983566725
2024-03-30,STORE_08,PROD_006,32.663128118003705,18,0.989247311827957,37.426765983566725
2024-03-31,STORE_08,PROD_006,30.55547990957591,27,0.989247311827957,37.426765983566725
2024-03-25,STORE_08,PROD_007,23.610418536551883,38,0.9852216748768473,41.86214698906616
2024-03-26,STORE_08,PROD_007,24.49262064889679,34,0.9852216748768473,41.86214698906616
2024-03-27,STORE_08,PROD_007,26.51143223870468,31,0.9852216748768473,41.86214698906616
2024-03-28,STORE_08,PROD_007,26.099768023142573,25,0.9852216748768473,41.86214698906616
2024-03-29,STORE_08,PROD_007,34.478920193927536,42,0.9852216748768473,41.86214698906616
2024-03-30,STORE_08,PROD_007,34.68745991199721,49,0.9852216748768473,41.86214698906616
2024-03-31,STORE_08,PROD_007,36.01513145567443,58,0.9852216748768473,41.86214698906616
2024-03-25,STORE_08,PROD_008,18.420968192323578,15,0.9836065573770492,42.59332003067476
2024-03-26,STORE_08,PROD_008,18.620834679031088,13,0.9836065573770492,42.59332003067476
2024-03-27,STORE_08,PROD_008,19.983691675294573,29,0.9836065573770492,42.59332003067476
2024-03-28,STORE_08,PROD_008,21.540616812487585,8,0.9836065573770492,42.59332003067476
2024-03-29,STORE_08,PROD_008,24.482953705826223,14,0.9836065573770492,42.59332003067476
2024-03-30,STORE_08,PROD_008,23.62385703510434,12,0.9836065573770492,42.59332003067476
2024-03-31,STORE_08,PROD_008,23.532621898225784,30,0.9836065573770492,42.59332003067476
2024-03-25,STORE_09,PROD_001,5.731820034845775,4,0.9941520467836257,12.175753926501315
2024-03-26,STORE_09,PROD_001,5.447587454054857,8,0.9941520467836257,12.175753926501315
2024-03-27,STORE_09,PROD_001,5.638009071121011,5,0.9941520467836257,12.175753926501315
2024-03-28,STORE_09,PROD_001,5.833511196812734,7,0.9941520467836257,12.175753926501315
2024-03-29,STORE_09,PROD_001,9.149032159070766,6,0.9941520467836257,12.175753926501315
2024-03-30,STORE_09,PROD_001,8.604894176796586,11,0.9941520467836257,12.175753926501315
2024-03-31,STORE_09,PROD_001,8.739509349075433,10,0.9941520467836257,12.175753926501315
2024-03-25,STORE_09,PROD_002,5.0961481140618785,2,0.9935205183585313,35.15096648705216
2024-03-26,STORE_09,PROD_002,5.004521001049266,2,0.9935205183585313,35.15096648705216
2024-03-27,STORE_09,PROD_002,4.559935590473986,3,0.9935205183585313,35.15096648705216
2024-03-28,STORE_09,PROD_002,4.612397086690988,4,0.9935205183585313,35.15096648705216
2024-03-29,STORE_09,PROD_002,6.106909222656488,7,0.9935205183585313,35.15096648705216
2024-03-30,STORE_09,PROD_002,6.581277565978168,12,0.9935205183585313,35.15096648705216
2024-03-31,STORE_09,PROD_002,7.861551050164864,3,0.9935205183585313,35.15096648705216
2024-03-25,STORE_09,PROD_003,7.002386094556866,4,0.9950248756218906,26.381499557816596
2024-03-26,STORE_09,PROD_003,6.895007400035729,2,0.9950248756218906,26.381499557816596
2024-03-27,STORE_09,PROD_003,6.172386661006885,1,0.9950248756218906,26.381499557816596
2024-03-28,STORE_09,PROD_003,6.110962105244085,6,0.9950248756218906,26.381499557816596
2024-03-29,STORE_09,PROD_003,9.943191343504258,9,0.9950248756218906,26.381499557816596
2024-03-30,STORE_09,PROD_003,9.800774942057682,3,0.9950248756218906,26.381499557816596
2024-03-31,STORE_09,PROD_003,8.231483191406952,17,0.9950248756218906,26.381499557816596
2024-03-25,STORE_09,PROD_004,4.914119103921619,4,0.989010989010989,17.886398223428138
2024-03-26,STORE_09,PROD_004,4.8677522630677235,3,0.989010989010989,17.886398223428138
2024-03-27,STORE_09,PROD_004,4.558791010711211,5,0.989010989010989,17.886398223428138
2024-03-28,STORE_09,PROD_004,4.920213759284726,3,0.989010989010989,17.886398223428138
2024-03-29,STORE_09,PROD_004,6.84081649170101,5,0.989010989010989,17.886398223428138
2024-03-30,STORE_09,PROD_004,6.785940993595677,9,0.989010989010989,17.886398223428138
2024-03-31,STORE_09,PROD_004,6.941714948697504,9,0.989010989010989,17.886398223428138
2024-03-25,STORE_09,PROD_005,9.9602111472857,8,0.9883720930232558,34.30028935675546
2024-03-26,STORE_09,PROD_005,9.761066402922586,11,0.9883720930232558,34.30028935675546
2024-03-27,STORE_09,PROD_005,10.173821078691976,6,0.9883720930232558,34.30028935675546
2024-03-28,STORE_09,PROD_005,9.604703740892424,8,0.9883720930232558,34.30028935675546
2024-03-29,STORE_09,PROD_005,15.507970298216813,16,0.9883720930232558,34.30028935675546
2024-03-30,STORE_09,PROD_005,14.372321971632987,5,0.9883720930232558,34.30028935675546
2024-03-31,STORE_09,PROD_005,13.833767841823459,17,0.9883720930232558,34.30028935675546
2024-03-25,STORE_09,PROD_006,10.57985731330944,6,0.989247311827957,37.426765983566725
2024-03-26,STORE_09,PROD_006,10.32562664360943,8,0.989247311827957,37.426765983566725
2024-03-27,STORE_09,PROD_006,8.744989276959972,4,0.989247311827957,37.426765983566725
2024-03-28,STORE_09,PROD_006,8.51882165870908,9,0.989247311827957,37.426765983566725
2024-03-29,STORE_09,PROD_006,11.69410615787824,3,0.989247311827957,37.426765983566725
2024-03-30,STORE_09,PROD_006,12.174259858575676,12,0.989247311827957,37.426765983566725
2024-03-31,STORE_09,PROD_006,12.388483722016653,4,0.989247311827957,37.426765983566725
2024-03-25,STORE_09,PROD_007,10.413266722894159,9,0.9852216748768473,41.86214698906616
2024-03-26,STORE_09,PROD_007,10.366599763579877,8,0.9852216748768473,41.86214698906616
2024-03-27,STORE_09,PROD_007,10.53088328239446,9,0.9852216748768473,41.86214698906616
2024-03-28,STORE_09,PROD_007,9.879932135843928,8,0.9852216748768473,41.86214698906616
2024-03-29,STORE_09,PROD_007,15.89838312447992,20,0.9852216748768473,41.86214698906616
2024-03-30,STORE_09,PROD_007,15.941771165752007,25,0.9852216748768473,41.86214698906616
2024-03-31,STORE_09,PROD_007,17.008983312814202,11,0.9852216748768473,41.86214698906616
2024-03-25,STORE_09,PROD_008,10.18113833300331,13,0.9836065573770492,42.59332003067476
2024-03-26,STORE_09,PROD_008,9.844358953893865,11,0.9836065573770492,42.59332003067476
2024-03-27,STORE_09,PROD_008,9.904497308585416,18,0.9836065573770492,42.59332003067476
2024-03-28,STORE_09,PROD_008,10.17682268210339,19,0.9836065573770492,42.59332003067476
2024-03-29,STORE_09,PROD_008,16.213354752190586,10,0.9836065573770492,42.59332003067476
2024-03-30,STORE_09,PROD_008,15.459088050673579,21,0.9836065573770492,42.59332003067476
2024-03-31,STORE_09,PROD_008,17.219991157050394,15,0.9836065573770492,42.59332003067476
2024-03-25,STORE_10,PROD_001,5.0131185663687114,11,0.9941520467836257,12.175753926501315
2024-03-26,STORE_10,PROD_001,5.3434342830004455,7,0.9941520467836257,12.175753926501315
2024-03-27,STORE_10,PROD_001,5.196044824952366,3,0.9941520467836257,12.175753926501315
2024-03-28,STORE_10,PROD_001,5.1524304040547175,1,0.9941520467836257,12.175753926501315
2024-03-29,STORE_10,PROD_001,7.484928731010559,3,0.9941520467836257,12.175753926501315
2024-03-30,STORE_10,PROD_001,6.58315146880414,8,0.9941520467836257,12.175753926501315
2024-03-31,STORE_10,PROD_001,7.1986589828866325,8,0.9941520467836257,12.175753926501315
2024-03-25,STORE_10,PROD_002,9.655531908583757,9,0.9935205183585313,35.15096648705216
2024-03-26,STORE_10,PROD_002,9.353243092887787,12,0.9935205183585313,35.15096648705216
2024-03-27,STORE_10,PROD_002,9.279813287056825,10,0.9935205183585313,35.15096648705216
2024-03-28,STORE_10,PROD_002,9.29248346562547,11,0.9935205183585313,35.15096648705216
2024-03-29,STORE_10,PROD_002,13.613944604774865,8,0.9935205183585313,35.15096648705216
2024-03-30,STORE_10,PROD_002,13.449895657426,11,0.9935205183585313,35.15096648705216
2024-03-31,STORE_10,PROD_002,13.231805970067986,15,0.9935205183585313,35.15096648705216
2024-03-25,STORE_10,PROD_003,8.793290051004373,12,0.9950248756218906,26.381499557816596
2024-03-26,STORE_10,PROD_003,8.44290194199469,7,0.9950248756218906,26.381499557816596
2024-03-27,STORE_10,PROD_003,8.714232123626257,9,0.9950248756218906,26.381499557816596
2024-03-28,STORE_10,PROD_003,8.435616652997384,5,0.9950248756218906,26.381499557816596
2024-03-29,STORE_10,PROD_003,12.10259192729141,21,0.9950248756218906,26.381499557816596
2024-03-30,STORE_10,PROD_003,13.463150594261956,12,0.9950248756218906,26.381499557816596
2024-03-31,STORE_10,PROD_003,12.804309600735094,11,0.9950248756218906,26.381499557816596
2024-03-25,STORE_10,PROD_004,4.970226712098777,5,0.989010989010989,17.886398223428138
2024-03-26,STORE_10,PROD_004,4.954257759969233,3,0.989010989010989,17.886398223428138
2024-03-27,STORE_10,PROD_004,4.7269773992763024,3,0.989010989010989,17.886398223428138
2024-03-28,STORE_10,PROD_004,4.648761827252756,3,0.989010989010989,17.886398223428138
2024-03-29,STORE_10,PROD_004,5.6343697298063855,5,0.989010989010989,17.886398223428138
2024-03-30,STORE_10,PROD_004,5.969012707437357,6,0.989010989010989,17.886398223428138
2024-03-31,STORE_10,PROD_004,6.067815480743999,7,0.989010989010989,17.886398223428138
2024-03-25,STORE_10,PROD_005,12.282012496214554,18,0.9883720930232558,34.30028935675546
2024-03-26,STORE_10,PROD_005,12.650290620830063,14,0.9883720930232558,34.30028935675546
2024-03-27,STORE_10,PROD_005,14.007726070430317,17,0.9883720930232558,34.30028935675546
2024-03-28,STORE_10,PROD_005,12.487616382240091,6,0.9883720930232558,34.30028935675546
2024-03-29,STORE_10,PROD_005,18.15124518862993,16,0.9883720930232558,34.30028935675546
2024-03-30,STORE_10,PROD_005,19.99292825101527,9,0.9883720930232558,34.30028935675546
2024-03-31,STORE_10,PROD_005,18.978570324882135,17,0.9883720930232558,34.30028935675546
2024-03-25,STORE_10,PROD_006,12.631646683319127,14,0.989247311827957,37.426765983566725
2024-03-26,STORE_10,PROD_006,12.695642139466793,5,0.989247311827957,37.426765983566725
2024-03-27,STORE_10,PROD_006,12.655274963994664,13,0.989247311827957,37.426765983566725
2024-03-28,STORE_10,PROD_006,12.66302215615655,7,0.989247311827957,37.426765983566725
2024-03-29,STORE_10,PROD_006,17.8352318821516,22,0.989247311827957,37.426765983566725
2024-03-30,STORE_10,PROD_006,19.501864406948965,20,0.989247311827957,37.426765983566725
2024-03-31,STORE_10,PROD_006,20.748371456200882,19,0.989247311827957,37.426765983566725
2024-03-25,STORE_10,PROD_007,12.197869674503869,14,0.9852216748768473,41.86214698906616
2024-03-26,STORE_10,PROD_007,12.339272120321388,13,0.9852216748768473,41.86214698906616
2024-03-27,STORE_10,PROD_007,12.141494165444385,14,0.9852216748768473,41.86214698906616
2024-03-28,STORE_10,PROD_007,12.388172272492247,3,0.9852216748768473,41.86214698906616
2024-03-29,STORE_10,PROD_007,22.112485779075023,30,0.9852216748768473,41.86214698906616
2024-03-30,STORE_10,PROD_007,21.884024506145884,19,0.9852216748768473,41.86214698906616
2024-03-31,STORE_10,PROD_007,21.60196071619567,24,0.9852216748768473,41.86214698906616
2024-03-25,STORE_10,PROD_008,9.569602470037765,16,0.9836065573770492,42.59332003067476
2024-03-26,STORE_10,PROD_008,9.333063371715618,7,0.9836065573770492,42.59332003067476
2024-03-27,STORE_10,PROD_008,9.363067834115817,4,0.9836065573770492,42.59332003067476
2024-03-28,STORE_10,PROD_008,9.68844866658692,9,0.9836065573770492,42.59332003067476
2024-03-29,STORE_10,PROD_008,14.31675030070832,16,0.9836065573770492,42.59332003067476
2024-03-30,STORE_10,PROD_008,15.610571424902647,11,0.9836065573770492,42.59332003067476
2024-03-31,STORE_10,PROD_008,14.696656705874544,13,0.9836065573770492,42.59332003067476
2024-03-25,STORE_11,PROD_001,6.454297256209283,8,0.9941520467836257,12.175753926501315
2024-03-26,STORE_11,PROD_001,6.324351307894471,8,0.9941520467836257,12.175753926501315
2024-03-27,STORE_11,PROD_001,6.647277597784444,7,0.9941520467836257,12.175753926501315
2024-03-28,STORE_11,PROD_001,6.763254747901418,3,0.9941520467836257,12.175753926501315
2024-03-29,STORE_11,PROD_001,9.645783594411938,15,0.9941520467836257,12.175753926501315
2024-03-30,STORE_11,PROD_001,10.064646167137738,11,0.9941520467836257,12.175753926501315
2024-03-31,STORE_11,PROD_001,9.94607904969507,13,0.9941520467836257,12.175753926501315
2024-03-25,STORE_11,PROD_002,14.05605536229745,17,0.9935205183585313,35.15096648705216
2024-03-26,STORE_11,PROD_002,15.264318495243108,12,0.9935205183585313,35.15096648705216
2024-03-27,STORE_11,PROD_002,15.173669425567702,12,0.9935205183585313,35.15096648705216
2024-03-28,STORE_11,PROD_002,14.07001278883903,16,0.9935205183585313,35.15096648705216
2024-03-29,STORE_11,PROD_002,18.800571588032632,22,0.9935205183585313,35.15096648705216
2024-03-30,STORE_11,PROD_002,19.96947373290756,10,0.9935205183585313,35.15096648705216
2024-03-31,STORE_11,PROD_002,20.079535985631285,18,0.9935205183585313,35.15096648705216
2024-03-25,STORE_11,PROD_003,8.510312769555414,21,0.9950248756218906,26.381499557816596
2024-03-26,STORE_11,PROD_003,9.155854080579902,7,0.9950248756218906,26.381499557816596
2024-03-27,STORE_11,PROD_003,9.254458653019366,16,0.9950248756218906,26.381499557816596
2024-03-28,STORE_11,PROD_003,9.16195568132168,4,0.9950248756218906,26.381499557816596
2024-03-29,STORE_11,PROD_003,12.959273309404505,18,0.9950248756218906,26.381499557816596
2024-03-30,STORE_11,PROD_003,13.011208999672915,10,0.9950248756218906,26.381499557816596
2024-03-31,STORE_11,PROD_003,13.092857915617767,7,0.9950248756218906,26.381499557816596
2024-03-25,STORE_11,PROD_004,7.925510275008576,7,0.989010989010989,17.886398223428138
2024-03-26,STORE_11,PROD_004,7.814087827777158,5,0.989010989010989,17.886398223428138
2024-03-27,STORE_11,PROD_004,8.27526102425691,5,0.989010989010989,17.886398223428138
2024-03-28,STORE_11,PROD_004,7.09700238946937,5,0.989010989010989,17.886398223428138
2024-03-29,STORE_11,PROD_004,10.236246626467517,6,0.989010989010989,17.886398223428138
2024-03-30,STORE_11,PROD_004,10.627418958140828,6,0.989010989010989,17.886398223428138
2024-03-31,STORE_11,PROD_004,10.635097656847824,8,0.989010989010989,17.886398223428138
2024-03-25,STORE_11,PROD_005,19.038686559306115,28,0.9883720930232558,34.30028935675546
2024-03-26,STORE_11,PROD_005,22.39670031307027,22,0.9883720930232558,34.30028935675546
2024-03-27,STORE_11,PROD_005,20.57719600034485,19,0.9883720930232558,34.30028935675546
2024-03-28,STORE_11,PROD_005,20.7208813791501,25,0.9883720930232558,34.30028935675546
2024-03-29,STORE_11,PROD_005,25.057875774334562,31,0.9883720930232558,34.30028935675546
2024-03-30,STORE_11,PROD_005,25.712351733371488,20,0.9883720930232558,34.30028935675546
2024-03-31,STORE_11,PROD_005,25.05831904325368,33,0.9883720930232558,34.30028935675546
2024-03-25,STORE_11,PROD_006,16.998775732810138,14,0.989247311827957,37.426765983566725
2024-03-26,STORE_11,PROD_006,17.551839390385474,19,0.989247311827957,37.426765983566725
2024-03-27,STORE_11,PROD_006,16.9584049409169,14,0.989247311827957,37.426765983566725
2024-03-28,STORE_11,PROD_006,17.94745982249831,17,0.989247311827957,37.426765983566725
2024-03-29,STORE_11,PROD_006,20.663609779482517,23,0.989247311827957,37.426765983566725
2024-03-30,STORE_11,PROD_006,21.8962794544024,23,0.989247311827957,37.426765983566725
2024-03-31,STORE_11,PROD_006,20.812676926143563,20,0.989247311827957,37.426765983566725
2024-03-25,STORE_11,PROD_007,9.863303962541416,7,0.9852216748768473,41.86214698906616
2024-03-26,STORE_11,PROD_007,10.378866982682487,10,0.9852216748768473,41.86214698906616
2024-03-27,STORE_11,PROD_007,9.16023800061235,12,0.9852216748768473,41.86214698906616
2024-03-28,STORE_11,PROD_007,9.177497666306202,16,0.9852216748768473,41.86214698906616
2024-03-29,STORE_11,PROD_007,12.984775924073553,15,0.9852216748768473,41.86214698906616
2024-03-30,STORE_11,PROD_007,12.65582365429655,12,0.9852216748768473,41.86214698906616
2024-03-31,STORE_11,PROD_007,13.73040769043195,10,0.9852216748768473,41.86214698906616
2024-03-25,STORE_11,PROD_008,12.8172543549935,14,0.9836065573770492,42.59332003067476
2024-03-26,STORE_11,PROD_008,12.604438089906855,9,0.9836065573770492,42.59332003067476
2024-03-27,STORE_11,PROD_008,12.389982150113404,13,0.9836065573770492,42.59332003067476
2024-03-28,STORE_11,PROD_008,12.46003173393748,14,0.9836065573770492,42.59332003067476
2024-03-29,STORE_11,PROD_008,15.811606361224351,10,0.9836065573770492,42.59332003067476
2024-03-30,STORE_11,PROD_008,15.433622614629657,19,0.9836065573770492,42.59332003067476
2024-03-31,STORE_11,PROD_008,16.73755254545485,12,0.9836065573770492,42.59332003067476
2024-03-25,STORE_12,PROD_001,10.093514686759775,8,0.9941520467836257,12.175753926501315
2024-03-26,STORE_12,PROD_001,9.906406343370493,7,0.9941520467836257,12.175753926501315
2024-03-27,STORE_12,PROD_001,9.853535607872042,5,0.9941520467836257,12.175753926501315
2024-03-28,STORE_12,PROD_001,9.14350171433561,15,0.9941520467836257,12.175753926501315
2024-03-29,STORE_12,PROD_001,13.410726389280777,9,0.9941520467836257,12.175753926501315
2024-03-30,STORE_12,PROD_001,13.318365589182681,19,0.9941520467836257,12.175753926501315
2024-03-31,STORE_12,PROD_001,13.812082909932055,12,0.9941520467836257,12.175753926501315
2024-03-25,STORE_12,PROD_002,9.41231831580482,8,0.9935205183585313,35.15096648705216
2024-03-26,STORE_12,PROD_002,8.742120849280768,12,0.9935205183585313,35.15096648705216
2024-03-27,STORE_12,PROD_002,8.997306462712551,8,0.9935205183585313,35.15096648705216
2024-03-28,STORE_12,PROD_002,9.221478119413705,6,0.9935205183585313,35.15096648705216
2024-03-29,STORE_12,PROD_002,12.591125957471368,11,0.9935205183585313,35.15096648705216
2024-03-30,STORE_12,PROD_002,12.517077509150473,27,0.9935205183585313,35.15096648705216
2024-03-31,STORE_12,PROD_002,15.828136960169605,16,0.9935205183585313,35.15096648705216
2024-03-25,STORE_12,PROD_003,12.366451307300249,14,0.9950248756218906,26.381499557816596
2024-03-26,STORE_12,PROD_003,13.02041099852721,18,0.9950248756218906,26.381499557816596
2024-03-27,STORE_12,PROD_003,14.05367397579236,17,0.9950248756218906,26.381499557816596
2024-03-28,STORE_12,PROD_003,13.52476004366622,15,0.9950248756218906,26.381499557816596
2024-03-29,STORE_12,PROD_003,19.953310847405998,18,0.9950248756218906,26.381499557816596
2024-03-30,STORE_12,PROD_003,19.000168951684064,19,0.9950248756218906,26.381499557816596
2024-03-31,STORE_12,PROD_003,18.90114594638162,27,0.9950248756218906,26.381499557816596
2024-03-25,STORE_12,PROD_004,7.185676673380495,6,0.989010989010989,17.886398223428138
2024-03-26,STORE_12,PROD_004,6.8129062789624335,14,0.989010989010989,17.886398223428138
2024-03-27,STORE_12,PROD_004,7.379727195570171,5,0.989010989010989,17.886398223428138
2024-03-28,STORE_12,PROD_004,7.2163183434185125,10,0.989010989010989,17.886398223428138
2024-03-29,STORE_12,PROD_004,10.930324740961987,19,0.989010989010989,17.886398223428138
2024-03-30,STORE_12,PROD_004,10.969045666442398,15,0.989010989010989,17.886398223428138
2024-03-31,STORE_12,PROD_004,12.298015009537307,10,0.989010989010989,17.886398223428138
2024-03-25,STORE_12,PROD_005,15.748347240803927,8,0.9883720930232558,34.30028935675546
2024-03-26,STORE_12,PROD_005,15.251587384208214,11,0.9883720930232558,34.30028935675546
2024-03-27,STORE_12,PROD_005,14.54022858649799,12,0.9883720930232558,34.30028935675546
2024-03-28,STORE_12,PROD_005,14.357562125347625,8,0.9883720930232558,34.30028935675546
2024-03-29,STORE_12,PROD_005,24.98811079497613,27,0.9883720930232558,34.30028935675546
2024-03-30,STORE_12,PROD_005,24.111370664514034,24,0.9883720930232558,34.30028935675546
2024-03-31,STORE_12,PROD_005,24.07962553828644,39,0.9883720930232558,34.30028935675546
2024-03-25,STORE_12,PROD_006,12.593553451398567,11,0.989247311827957,37.426765983566725
2024-03-26,STORE_12,PROD_006,12.569923454353948,18,0.989247311827957,37.426765983566725
2024-03-27,STORE_12,PROD_006,13.634433147061545,17,0.989247311827957,37.426765983566725
2024-03-28,STORE_12,PROD_006,14.621585752869063,8,0.989247311827957,37.426765983566725
2024-03-29,STORE_12,PROD_006,22.298561944580463,30,0.989247311827957,37.426765983566725
2024-03-30,STORE_12,PROD_006,22.204786569546197,18,0.989247311827957,37.426765983566725
2024-03-31,STORE_12,PROD_006,22.186562741502158,30,0.989247311827957,37.426765983566725
2024-03-25,STORE_12,PROD_007,15.422953584634728,18,0.9852216748768473,41.86214698906616
2024-03-26,STORE_12,PROD_007,14.966148790149788,25,0.9852216748768473,41.86214698906616
2024-03-27,STORE_12,PROD_007,16.121524241894768,21,0.9852216748768473,41.86214698906616
2024-03-28,STORE_12,PROD_007,15.30305619450111,20,0.9852216748768473,41.86214698906616
2024-03-29,STORE_12,PROD_007,21.438032538814717,21,0.9852216748768473,41.86214698906616
2024-03-30,STORE_12,PROD_007,23.65100674143369,21,0.9852216748768473,41.86214698906616
2024-03-31,STORE_12,PROD_007,21.975946357109642,29,0.9852216748768473,41.86214698906616
2024-03-25,STORE_12,PROD_008,13.831924509266576,9,0.9836065573770492,42.59332003067476
2024-03-26,STORE_12,PROD_008,13.416262517029995,9,0.9836065573770492,42.59332003067476
2024-03-27,STORE_12,PROD_008,13.400563918383172,16,0.9836065573770492,42.59332003067476
2024-03-28,STORE_12,PROD_008,13.015188650596361,11,0.9836065573770492,42.59332003067476
2024-03-29,STORE_12,PROD_008,23.489458041537066,23,0.9836065573770492,42.59332003067476
2024-03-30,STORE_12,PROD_008,21.054489402571253,27,0.9836065573770492,42.59332003067476
2024-03-31,STORE_12,PROD_008,22.20477128054354,26,0.9836065573770492,42.59332003067476
2024-03-25,STORE_13,PROD_001,6.948204533362232,3,0.9941520467836257,12.175753926501315
2024-03-26,STORE_13,PROD_001,6.585758563264584,7,0.9941520467836257,12.175753926501315
2024-03-27,STORE_13,PROD_001,6.613247097393956,5,0.9941520467836257,12.175753926501315
2024-03-28,STORE_13,PROD_001,6.6461033919468955,7,0.9941520467836257,12.175753926501315
2024-03-29,STORE_13,PROD_001,9.562707075183264,9,0.9941520467836257,12.175753926501315
2024-03-30,STORE_13,PROD_001,10.299061619221801,8,0.9941520467836257,12.175753926501315
2024-03-31,STORE_13,PROD_001,9.647931104107975,10,0.9941520467836257,12.175753926501315
2024-03-25,STORE_13,PROD_002,8.899955352336315,6,0.9935205183585313,35.15096648705216
2024-03-26,STORE_13,PROD_002,8.404770171373432,9,0.9935205183585313,35.15096648705216
2024-03-27,STORE_13,PROD_002,8.406735359185411,12,0.9935205183585313,35.15096648705216
2024-03-28,STORE_13,PROD_002,9.04997602112748,10,0.9935205183585313,35.15096648705216
2024-03-29,STORE_13,PROD_002,12.0219626431349,15,0.9935205183585313,35.15096648705216
2024-03-30,STORE_13,PROD_002,13.312431743745774,14,0.9935205183585313,35.15096648705216
2024-03-31,STORE_13,PROD_002,14.195851990489752,20,0.9935205183585313,35.15096648705216
2024-03-25,STORE_13,PROD_003,9.531004396192703,7,0.9950248756218906,26.381499557816596
2024-03-26,STORE_13,PROD_003,9.155996878815689,11,0.9950248756218906,26.381499557816596
2024-03-27,STORE_13,PROD_003,9.752083510376744,10,0.9950248756218906,26.381499557816596
2024-03-28,STORE_13,PROD_003,9.381514599640136,7,0.9950248756218906,26.381499557816596
2024-03-29,STORE_13,PROD_003,13.625185949350879,13,0.9950248756218906,26.381499557816596
2024-03-30,STORE_13,PROD_003,14.987198310202977,21,0.9950248756218906,26.381499557816596
2024-03-31,STORE_13,PROD_003,13.128327378903958,5,0.9950248756218906,26.381499557816596
2024-03-25,STORE_13,PROD_004,7.064924106134093,5,0.989010989010989,17.886398223428138
2024-03-26,STORE_13,PROD_004,6.110009684358322,2,0.989010989010989,17.886398223428138
2024-03-27,STORE_13,PROD_004,5.987877259658507,5,0.989010989010989,17.886398223428138
2024-03-28,STORE_13,PROD_004,6.23056122758774,5,0.989010989010989,17.886398223428138
2024-03-29,STORE_13,PROD_004,8.894979309511717,8,0.989010989010989,17.886398223428138
2024-03-30,STORE_13,PROD_004,8.477047769315233,11,0.989010989010989,17.886398223428138
2024-03-31,STORE_13,PROD_004,8.845492294838275,8,0.989010989010989,17.886398223428138
2024-03-25,STORE_13,PROD_005,10.639770096770604,11,0.9883720930232558,34.30028935675546
2024-03-26,STORE_13,PROD_005,10.076446960769394,18,0.9883720930232558,34.30028935675546
2024-03-27,STORE_13,PROD_005,10.689463799392037,9,0.9883720930232558,34.30028935675546
2024-03-28,STORE_13,PROD_005,9.86860761080231,19,0.9883720930232558,34.30028935675546
2024-03-29,STORE_13,PROD_005,14.944204998488674,22,0.9883720930232558,34.30028935675546
2024-03-30,STORE_13,PROD_005,16.267950384091478,18,0.9883720930232558,34.30028935675546
2024-03-31,STORE_13,PROD_005,15.300919060211621,18,0.9883720930232558,34.30028935675546
2024-03-25,STORE_13,PROD_006,8.78797657206042,11,0.989247311827957,37.426765983566725
2024-03-26,STORE_13,PROD_006,8.850879240696017,9,0.989247311827957,37.426765983566725
2024-03-27,STORE_13,PROD_006,9.032902433428989,10,0.989247311827957,37.426765983566725
2024-03-28,STORE_13,PROD_006,9.08432261862202,5,0.989247311827957,37.426765983566725
2024-03-29,STORE_13,PROD_006,12.995323648601646,8,0.989247311827957,37.426765983566725
2024-03-30,STORE_13,PROD_006,11.934760537618399,14,0.989247311827957,37.426765983566725
2024-03-31,STORE_13,PROD_006,12.920598160751496,13,0.989247311827957,37.426765983566725
2024-03-25,STORE_13,PROD_007,9.622247904931593,14,0.9852216748768473,41.86214698906616
2024-03-26,STORE_13,PROD_007,9.871391670372324,16,0.9852216748768473,41.86214698906616
2024-03-27,STORE_13,PROD_007,9.998793067469395,17,0.9852216748768473,41.86214698906616
2024-03-28,STORE_13,PROD_007,9.675949752649448,15,0.9852216748768473,41.86214698906616
2024-03-29,STORE_13,PROD_007,14.932524651509436,16,0.9852216748768473,41.86214698906616
2024-03-30,STORE_13,PROD_007,14.53682604694154,8,0.9852216748768473,41.86214698906616
2024-03-31,STORE_13,PROD_007,13.59594122663331,20,0.9852216748768473,41.86214698906616
2024-03-25,STORE_13,PROD_008,11.518411721077428,16,0.9836065573770492,42.59332003067476
2024-03-26,STORE_13,PROD_008,12.66020767223007,12,0.9836065573770492,42.59332003067476
2024-03-27,STORE_13,PROD_008,12.400256082530102,9,0.9836065573770492,42.59332003067476
2024-03-28,STORE_13,PROD_008,12.2099275140831,11,0.9836065573770492,42.59332003067476
2024-03-29,STORE_13,PROD_008,18.846895317475013,21,0.9836065573770492,42.59332003067476
2024-03-30,STORE_13,PROD_008,18.34778999995273,21,0.9836065573770492,42.59332003067476
2024-03-31,STORE_13,PROD_008,18.90836653451077,26,0.9836065573770492,42.59332003067476
2024-03-25,STORE_14,PROD_001,8.505293387959611,4,0.9941520467836257,12.175753926501315
2024-03-26,STORE_14,PROD_001,8.15581567724669,7,0.9941520467836257,12.175753926501315
2024-03-27,STORE_14,PROD_001,7.714282453848341,6,0.9941520467836257,12.175753926501315
2024-03-28,STORE_14,PROD_001,7.822548691875438,6,0.9941520467836257,12.175753926501315
2024-03-29,STORE_14,PROD_001,12.213124947814336,12,0.9941520467836257,12.175753926501315
2024-03-30,STORE_14,PROD_001,11.765913461267456,14,0.9941520467836257,12.175753926501315
2024-03-31,STORE_14,PROD_001,12.07275196441796,13,0.9941520467836257,12.175753926501315
2024-03-25,STORE_14,PROD_002,7.455998161551471,7,0.9935205183585313,35.15096648705216
2024-03-26,STORE_14,PROD_002,8.513239960907702,10,0.9935205183585313,35.15096648705216
2024-03-27,STORE_14,PROD_002,8.683745895302927,20,0.9935205183585313,35.15096648705216
2024-03-28,STORE_14,PROD_002,9.045254184865529,19,0.9935205183585313,35.15096648705216
2024-03-29,STORE_14,PROD_002,13.166927988544364,16,0.9935205183585313,35.15096648705216
2024-03-30,STORE_14,PROD_002,13.217239957985164,8,0.9935205183585313,35.15096648705216
2024-03-31,STORE_14,PROD_002,12.490412435401563,6,0.9935205183585313,35.15096648705216
2024-03-25,STORE_14,PROD_003,10.220852387094151,10,0.9950248756218906,26.381499557816596
2024-03-26,STORE_14,PROD_003,10.264392868224059,13,0.9950248756218906,26.381499557816596
2024-03-27,STORE_14,PROD_003,11.39139149036337,9,0.9950248756218906,26.381499557816596
2024-03-28,STORE_14,PROD_003,11.390254672520264,8,0.9950248756218906,26.381499557816596
2024-03-29,STORE_14,PROD_003,15.500770167868863,18,0.9950248756218906,26.381499557816596
2024-03-30,STORE_14,PROD_003,15.141936301831091,15,0.9950248756218906,26.381499557816596
2024-03-31,STORE_14,PROD_003,15.50553963489413,19,0.9950248756218906,26.381499557816596
2024-03-25,STORE_14,PROD_004,7.5493572557141215,7,0.989010989010989,17.886398223428138
2024-03-26,STORE_14,PROD_004,7.428758037016108,7,0.989010989010989,17.886398223428138
2024-03-27,STORE_14,PROD_004,7.239097896940144,8,0.989010989010989,17.886398223428138
2024-03-28,STORE_14,PROD_004,7.30118690997077,5,0.989010989010989,17.886398223428138
2024-03-29,STORE_14,PROD_004,11.664222074928297,15,0.989010989010989,17.886398223428138
2024-03-30,STORE_14,PROD_004,11.963371464283926,11,0.989010989010989,17.886398223428138
2024-03-31,STORE_14,PROD_004,12.186714255956195,13,0.989010989010989,17.886398223428138
2024-03-25,STORE_14,PROD_005,20.329707933005427,15,0.9883720930232558,34.30028935675546
2024-03-26,STORE_14,PROD_005,17.885296038691855,33,0.9883720930232558,34.30028935675546
2024-03-27,STORE_14,PROD_005,20.223526524106394,16,0.9883720930232558,34.30028935675546
2024-03-28,STORE_14,PROD_005,18.28858560362376,21,0.9883720930232558,34.30028935675546
2024-03-29,STORE_14,PROD_005,26.45826043135403,32,0.9883720930232558,34.30028935675546
2024-03-30,STORE_14,PROD_005,25.751585963168324,20,0.9883720930232558,34.30028935675546
2024-03-31,STORE_14,PROD_005,25.407822807353593,41,0.9883720930232558,34.30028935675546
2024-03-25,STORE_14,PROD_006,12.843368943952942,9,0.989247311827957,37.426765983566725
2024-03-26,STORE_14,PROD_006,12.970166229268099,7,0.989247311827957,37.426765983566725
2024-03-27,STORE_14,PROD_006,12.78550606069081,14,0.989247311827957,37.426765983566725
2024-03-28,STORE_14,PROD_006,12.68330376763373,13,0.989247311827957,37.426765983566725
2024-03-29,STORE_14,PROD_006,21.99096129468324,14,0.989247311827957,37.426765983566725
2024-03-30,STORE_14,PROD_006,17.41311940635107,19,0.989247311827957,37.426765983566725
2024-03-31,STORE_14,PROD_006,21.54617274112409,22,0.989247311827957,37.426765983566725
2024-03-25,STORE_14,PROD_007,13.201754316911916,11,0.9852216748768473,41.86214698906616
2024-03-26,STORE_14,PROD_007,12.962597338247464,15,0.9852216748768473,41.86214698906616
2024-03-27,STORE_14,PROD_007,13.038174477169225,11,0.9852216748768473,41.86214698906616
2024-03-28,STORE_14,PROD_007,13.195984233353817,18,0.9852216748768473,41.86214698906616
2024-03-29,STORE_14,PROD_007,21.101575681066034,32,0.9852216748768473,41.86214698906616
2024-03-30,STORE_14,PROD_007,21.79237979093845,31,0.9852216748768473,41.86214698906616
2024-03-31,STORE_14,PROD_007,24.62960623397412,25,0.9852216748768473,41.86214698906616
2024-03-25,STORE_14,PROD_008,11.960279391685756,15,0.9836065573770492,42.59332003067476
2024-03-26,STORE_14,PROD_008,12.182122626895893,14,0.9836065573770492,42.59332003067476
2024-03-27,STORE_14,PROD_008,11.355310092736266,22,0.9836065573770492,42.59332003067476
2024-03-28,STORE_14,PROD_008,12.812942167300799,18,0.9836065573770492,42.59332003067476
2024-03-29,STORE_14,PROD_008,18.11552689472235,25,0.9836065573770492,42.59332003067476
2024-03-30,STORE_14,PROD_008,18.833263275238938,12,0.9836065573770492,42.59332003067476
2024-03-31,STORE_14,PROD_008,18.023658670527954,14,0.9836065573770492,42.59332003067476
2024-03-25,STORE_15,PROD_001,6.836277437801337,5,0.9941520467836257,12.175753926501315
2024-03-26,STORE_15,PROD_001,7.077101422719487,13,0.9941520467836257,12.175753926501315
2024-03-27,STORE_15,PROD_001,6.924297307845613,4,0.9941520467836257,12.175753926501315
2024-03-28,STORE_15,PROD_001,6.84436680057655,5,0.9941520467836257,12.175753926501315
2024-03-29,STORE_15,PROD_001,9.4992422902185,10,0.9941520467836257,12.175753926501315
2024-03-30,STORE_15,PROD_001,9.499002120212984,6,0.9941520467836257,12.175753926501315
2024-03-31,STORE_15,PROD_001,9.318453919576056,7,0.9941520467836257,12.175753926501315
2024-03-25,STORE_15,PROD_002,9.772534652410089,5,0.9935205183585313,35.15096648705216
2024-03-26,STORE_15,PROD_002,9.16110551669799,10,0.9935205183585313,35.15096648705216
2024-03-27,STORE_15,PROD_002,9.48021702340773,9,0.9935205183585313,35.15096648705216
2024-03-28,STORE_15,PROD_002,9.182980835755217,9,0.9935205183585313,35.15096648705216
2024-03-29,STORE_15,PROD_002,14.032751105423717,18,0.9935205183585313,35.15096648705216
2024-03-30,STORE_15,PROD_002,14.326540761990206,12,0.9935205183585313,35.15096648705216
2024-03-31,STORE_15,PROD_002,13.773876969408613,11,0.9935205183585313,35.15096648705216
2024-03-25,STORE_15,PROD_003,6.382043767281006,10,0.9950248756218906,26.381499557816596
2024-03-26,STORE_15,PROD_003,7.0655590975684435,4,0.9950248756218906,26.381499557816596
2024-03-27,STORE_15,PROD_003,6.41329392364503,12,0.9950248756218906,26.381499557816596
2024-03-28,STORE_15,PROD_003,6.95683140150396,5,0.9950248756218906,26.381499557816596
2024-03-29,STORE_15,PROD_003,9.844923059789835,11,0.9950248756218906,26.381499557816596
2024-03-30,STORE_15,PROD_003,9.405271847675447,7,0.9950248756218906,26.381499557816596
2024-03-31,STORE_15,PROD_003,9.146925300438186,5,0.9950248756218906,26.381499557816596
2024-03-25,STORE_15,PROD_004,7.228100823413916,8,0.989010989010989,17.886398223428138
2024-03-26,STORE_15,PROD_004,7.32725850263282,8,0.989010989010989,17.886398223428138
2024-03-27,STORE_15,PROD_004,7.07212706533766,5,0.989010989010989,17.886398223428138
2024-03-28,STORE_15,PROD_004,7.059634598304138,8,0.989010989010989,17.886398223428138
2024-03-29,STORE_15,PROD_004,10.05655081233108,12,0.989010989010989,17.886398223428138
2024-03-30,STORE_15,PROD_004,9.611174290453015,10,0.989010989010989,17.886398223428138
2024-03-31,STORE_15,PROD_004,9.798057489288464,10,0.989010989010989,17.886398223428138
2024-03-25,STORE_15,PROD_005,15.66654146247789,8,0.9883720930232558,34.30028935675546
2024-03-26,STORE_15,PROD_005,13.760379516353899,9,0.9883720930232558,34.30028935675546
2024-03-27,STORE_15,PROD_005,14.857932158485273,6,0.9883720930232558,34.30028935675546
2024-03-28,STORE_15,PROD_005,13.539682848079027,12,0.9883720930232558,34.30028935675546
2024-03-29,STORE_15,PROD_005,23.812234339024823,24,0.9883720930232558,34.30028935675546
2024-03-30,STORE_15,PROD_005,23.653279930342972,25,0.9883720930232558,34.30028935675546
2024-03-31,STORE_15,PROD_005,23.062196833826142,15,0.9883720930232558,34.30028935675546
2024-03-25,STORE_15,PROD_006,14.052337992328356,30,0.989247311827957,37.426765983566725
2024-03-26,STORE_15,PROD_006,14.20297388204383,18,0.989247311827957,37.426765983566725
2024-03-27,STORE_15,PROD_006,15.209367322317483,18,0.989247311827957,37.426765983566725
2024-03-28,STORE_15,PROD_006,15.668899439648133,20,0.989247311827957,37.426765983566725
2024-03-29,STORE_15,PROD_006,21.752900392902145,26,0.989247311827957,37.426765983566725
2024-03-30,STORE_15,PROD_006,22.44816929747756,22,0.989247311827957,37.426765983566725
2024-03-31,STORE_15,PROD_006,21.888819800729358,17,0.989247311827957,37.426765983566725
2024-03-25,STORE_15,PROD_007,13.317393309518918,12,0.9852216748768473,41.86214698906616
2024-03-26,STORE_15,PROD_007,12.58892597822006,21,0.9852216748768473,41.86214698906616
2024-03-27,STORE_15,PROD_007,13.272224958059478,15,0.9852216748768473,41.86214698906616
2024-03-28,STORE_15,PROD_007,12.889092550701982,17,0.9852216748768473,41.86214698906616
2024-03-29,STORE_15,PROD_007,23.162545897797987,27,0.9852216748768473,41.86214698906616
2024-03-30,STORE_15,PROD_007,22.09143677890294,22,0.9852216748768473,41.86214698906616
2024-03-31,STORE_15,PROD_007,21.21053492939929,17,0.9852216748768473,41.86214698906616
2024-03-25,STORE_15,PROD_008,13.037949841056983,15,0.9836065573770492,42.59332003067476
2024-03-26,STORE_15,PROD_008,12.841760437898364,15,0.9836065573770492,42.59332003067476
2024-03-27,STORE_15,PROD_008,12.826236256580552,9,0.9836065573770492,42.59332003067476
2024-03-28,STORE_15,PROD_008,12.57854029549327,5,0.9836065573770492,42.59332003067476
2024-03-29,STORE_15,PROD_008,23.460346119776347,21,0.9836065573770492,42.59332003067476
2024-03-30,STORE_15,PROD_008,22.614281712313215,21,0.9836065573770492,42.59332003067476
2024-03-31,STORE_15,PROD_008,20.34318181296727,20,0.9836065573770492,42.59332003067476
2024-03-25,STORE_16,PROD_001,9.10667145374243,9,0.9941520467836257,12.175753926501315
2024-03-26,STORE_16,PROD_001,9.28819261408609,5,0.9941520467836257,12.175753926501315
2024-03-27,STORE_16,PROD_001,8.687430104099493,11,0.9941520467836257,12.175753926501315
2024-03-28,STORE_16,PROD_001,9.285992630909785,8,0.9941520467836257,12.175753926501315
2024-03-29,STORE_16,PROD_001,14.819684960943578,15,0.9941520467836257,12.175753926501315
2024-03-30,STORE_16,PROD_001,15.35815769621296,13,0.9941520467836257,12.175753926501315
2024-03-31,STORE_16,PROD_001,15.126885633190243,27,0.9941520467836257,12.175753926501315
2024-03-25,STORE_16,PROD_002,20.496505083359875,16,0.9935205183585313,35.15096648705216
2024-03-26,STORE_16,PROD_002,20.91085321605441,16,0.9935205183585313,35.15096648705216
2024-03-27,STORE_16,PROD_002,19.188104392232894,19,0.9935205183585313,35.15096648705216
2024-03-28,STORE_16,PROD_002,21.076066903644755,12,0.9935205183585313,35.15096648705216
2024-03-29,STORE_16,PROD_002,25.06550014431499,20,0.9935205183585313,35.15096648705216
2024-03-30,STORE_16,PROD_002,28.242153072629375,19,0.9935205183585313,35.15096648705216
2024-03-31,STORE_16,PROD_002,25.855880661177284,28,0.9935205183585313,35.15096648705216
2024-03-25,STORE_16,PROD_003,13.77838079669416,12,0.9950248756218906,26.381499557816596
2024-03-26,STORE_16,PROD_003,13.097892184902696,9,0.9950248756218906,26.381499557816596
2024-03-27,STORE_16,PROD_003,12.941393019002657,11,0.9950248756218906,26.381499557816596
2024-03-28,STORE_16,PROD_003,12.282265695008167,11,0.9950248756218906,26.381499557816596
2024-03-29,STORE_16,PROD_003,21.66453836772036,13,0.9950248756218906,26.381499557816596
2024-03-30,STORE_16,PROD_003,20.59262247645357,13,0.9950248756218906,26.381499557816596
2024-03-31,STORE_16,PROD_003,20.74159465535128,29,0.9950248756218906,26.381499557816596
2024-03-25,STORE_16,PROD_004,5.7892020564777384,7,0.989010989010989,17.886398223428138
2024-03-26,STORE_16,PROD_004,5.687014983722331,10,0.989010989010989,17.886398223428138
2024-03-27,STORE_16,PROD_004,6.628840600996356,8,0.989010989010989,17.886398223428138
2024-03-28,STORE_16,PROD_004,6.5442936380505,3,0.989010989010989,17.886398223428138
2024-03-29,STORE_16,PROD_004,8.995304121182741,4,0.989010989010989,17.886398223428138
2024-03-30,STORE_16,PROD_004,8.296965210689244,6,0.989010989010989,17.886398223428138
2024-03-31,STORE_16,PROD_004,8.293587804774834,3,0.989010989010989,17.886398223428138
2024-03-25,STORE_16,PROD_005,27.14431260297793,31,0.9883720930232558,34.30028935675546
2024-03-26,STORE_16,PROD_005,24.495807047538538,31,0.9883720930232558,34.30028935675546
2024-03-27,STORE_16,PROD_005,26.27872663530578,31,0.9883720930232558,34.30028935675546
2024-03-28,STORE_16,PROD_005,24.833008031011968,32,0.9883720930232558,34.30028935675546
2024-03-29,STORE_16,PROD_005,34.56045144687114,43,0.9883720930232558,34.30028935675546
2024-03-30,STORE_16,PROD_005,34.82846866447715,42,0.9883720930232558,34.30028935675546
2024-03-31,STORE_16,PROD_005,34.674064326841666,54,0.9883720930232558,34.30028935675546
2024-03-25,STORE_16,PROD_006,23.849414495500213,15,0.989247311827957,37.426765983566725
2024-03-26,STORE_16,PROD_006,25.347883135336993,22,0.989247311827957,37.426765983566725
2024-03-27,STORE_16,PROD_006,25.390778868994055,22,0.989247311827957,37.426765983566725
2024-03-28,STORE_16,PROD_006,21.39892727438736,24,0.989247311827957,37.426765983566725
2024-03-29,STORE_16,PROD_006,32.74277437457238,41,0.989247311827957,37.426765983566725
2024-03-30,STORE_16,PROD_006,33.579906321751295,40,0.989247311827957,37.426765983566725
2024-03-31,STORE_16,PROD_006,34.68887399118164,19,0.989247311827957,37.426765983566725
2024-03-25,STORE_16,PROD_007,21.832901683094168,13,0.9852216748768473,41.86214698906616
2024-03-26,STORE_16,PROD_007,22.944257145770177,20,0.9852216748768473,41.86214698906616
2024-03-27,STORE_16,PROD_007,21.706639714381524,24,0.9852216748768473,41.86214698906616
2024-03-28,STORE_16,PROD_007,22.278726668019274,13,0.9852216748768473,41.86214698906616
2024-03-29,STORE_16,PROD_007,34.23080281824353,32,0.9852216748768473,41.86214698906616
2024-03-30,STORE_16,PROD_007,34.842023403775826,32,0.9852216748768473,41.86214698906616
2024-03-31,STORE_16,PROD_007,33.62504266493015,41,0.9852216748768473,41.86214698906616
2024-03-25,STORE_16,PROD_008,22.81163721107777,31,0.9836065573770492,42.59332003067476
2024-03-26,STORE_16,PROD_008,20.84574429623317,21,0.9836065573770492,42.59332003067476
2024-03-27,STORE_16,PROD_008,21.083259959121893,9,0.9836065573770492,42.59332003067476
2024-03-28,STORE_16,PROD_008,19.477668448920106,13,0.9836065573770492,42.59332003067476
2024-03-29,STORE_16,PROD_008,23.430362512089037,15,0.9836065573770492,42.59332003067476
2024-03-30,STORE_16,PROD_008,21.872878280882137,31,0.9836065573770492,42.59332003067476
2024-03-31,STORE_16,PROD_008,23.63426371835663,27,0.9836065573770492,42.59332003067476
2024-03-25,STORE_17,PROD_001,4.904309158552748,4,0.9941520467836257,12.175753926501315
2024-03-26,STORE_17,PROD_001,4.946255059497342,7,0.9941520467836257,12.175753926501315
2024-03-27,STORE_17,PROD_001,4.957936325363398,4,0.9941520467836257,12.175753926501315
2024-03-28,STORE_17,PROD_001,5.076281250436225,2,0.9941520467836257,12.175753926501315
2024-03-29,STORE_17,PROD_001,6.403211202430833,9,0.9941520467836257,12.175753926501315
2024-03-30,STORE_17,PROD_001,6.443782358383084,10,0.9941520467836257,12.175753926501315
2024-03-31,STORE_17,PROD_001,7.199001227375266,3,0.9941520467836257,12.175753926501315
2024-03-25,STORE_17,PROD_002,5.677882020909859,7,0.9935205183585313,35.15096648705216
2024-03-26,STORE_17,PROD_002,5.7601750169472155,9,0.9935205183585313,35.15096648705216
2024-03-27,STORE_17,PROD_002,6.299181175758486,8,0.9935205183585313,35.15096648705216
2024-03-28,STORE_17,PROD_002,6.57816859651713,3,0.9935205183585313,35.15096648705216
2024-03-29,STORE_17,PROD_002,8.57833028592437,12,0.9935205183585313,35.15096648705216
2024-03-30,STORE_17,PROD_002,8.464315342506275,10,0.9935205183585313,35.15096648705216
2024-03-31,STORE_17,PROD_002,8.456322875219577,15,0.9935205183585313,35.15096648705216
2024-03-25,STORE_17,PROD_003,5.2257275502375755,5,0.9950248756218906,26.381499557816596
2024-03-26,STORE_17,PROD_003,5.03476972956971,8,0.9950248756218906,26.381499557816596
2024-03-27,STORE_17,PROD_003,5.172023906918797,10,0.9950248756218906,26.381499557816596
2024-03-28,STORE_17,PROD_003,5.935502381269281,1,0.9950248756218906,26.381499557816596
2024-03-29,STORE_17,PROD_003,7.28615801519919,6,0.9950248756218906,26.381499557816596
2024-03-30,STORE_17,PROD_003,7.543262848852402,12,0.9950248756218906,26.381499557816596
2024-03-31,STORE_17,PROD_003,8.103103679291413,6,0.9950248756218906,26.381499557816596
2024-03-25,STORE_17,PROD_004,4.230390221502261,5,0.989010989010989,17.886398223428138
2024-03-26,STORE_17,PROD_004,4.214421269372717,2,0.989010989010989,17.886398223428138
2024-03-27,STORE_17,PROD_004,4.2500322115324005,2,0.989010989010989,17.886398223428138
2024-03-28,STORE_17,PROD_004,4.2717716781429145,4,0.989010989010989,17.886398223428138
2024-03-29,STORE_17,PROD_004,4.85120669254766,2,0.989010989010989,17.886398223428138
2024-03-30,STORE_17,PROD_004,4.796331194442327,1,0.989010989010989,17.886398223428138
2024-03-31,STORE_17,PROD_004,4.796331194442327,2,0.989010989010989,17.886398223428138
2024-03-25,STORE_17,PROD_005,9.547596121287649,10,0.9883720930232558,34.30028935675546
2024-03-26,STORE_17,PROD_005,9.620872454266863,8,0.9883720930232558,34.30028935675546
2024-03-27,STORE_17,PROD_005,9.603137724040122,6,0.9883720930232558,34.30028935675546
2024-03-28,STORE_17,PROD_005,9.383252017782187,1,0.9883720930232558,34.30028935675546
2024-03-29,STORE_17,PROD_005,13.75153947870936,6,0.9883720930232558,34.30028935675546
2024-03-30,STORE_17,PROD_005,12.11307455067753,14,0.9883720930232558,34.30028935675546
2024-03-31,STORE_17,PROD_005,12.508920118053107,18,0.9883720930232558,34.30028935675546
2024-03-25,STORE_17,PROD_006,5.457867058492397,6,0.989247311827957,37.426765983566725
2024-03-26,STORE_17,PROD_006,5.496493359616643,5,0.989247311827957,37.426765983566725
2024-03-27,STORE_17,PROD_006,5.372802193591408,2,0.989247311827957,37.426765983566725
2024-03-28,STORE_17,PROD_006,5.431595504679169,3,0.989247311827957,37.426765983566725
2024-03-29,STORE_17,PROD_006,7.670689277509895,3,0.989247311827957,37.426765983566725
2024-03-30,STORE_17,PROD_006,6.691330567703034,6,0.989247311827957,37.426765983566725
2024-03-31,STORE_17,PROD_006,6.713121420085642,9,0.989247311827957,37.426765983566725
2024-03-25,STORE_17,PROD_007,8.65376686532664,9,0.9852216748768473,41.86214698906616
2024-03-26,STORE_17,PROD_007,8.9083226891444,9,0.9852216748768473,41.86214698906616
2024-03-27,STORE_17,PROD_007,8.957574452635193,9,0.9852216748768473,41.86214698906616
2024-03-28,STORE_17,PROD_007,9.136380316339675,8,0.9852216748768473,41.86214698906616
2024-03-29,STORE_17,PROD_007,14.081001932595656,8,0.9852216748768473,41.86214698906616
2024-03-30,STORE_17,PROD_007,13.769308588854392,10,0.9852216748768473,41.86214698906616
2024-03-31,STORE_17,PROD_007,14.326677442177777,16,0.9852216748768473,41.86214698906616
2024-03-25,STORE_17,PROD_008,8.791510543955107,5,0.9836065573770492,42.59332003067476
2024-03-26,STORE_17,PROD_008,8.943213503344865,5,0.9836065573770492,42.59332003067476
2024-03-27,STORE_17,PROD_008,9.258544687332195,12,0.9836065573770492,42.59332003067476
2024-03-28,STORE_17,PROD_008,9.185049714950848,3,0.9836065573770492,42.59332003067476
2024-03-29,STORE_17,PROD_008,12.59280232394926,8,0.9836065573770492,42.59332003067476
2024-03-30,STORE_17,PROD_008,11.7347491522246,10,0.9836065573770492,42.59332003067476
2024-03-31,STORE_17,PROD_008,12.160554546619217,6,0.9836065573770492,42.59332003067476
2024-03-25,STORE_18,PROD_001,6.935210098062936,7,0.9941520467836257,12.175753926501315
2024-03-26,STORE_18,PROD_001,6.513692616302077,11,0.9941520467836257,12.175753926501315
2024-03-27,STORE_18,PROD_001,7.328611870605525,5,0.9941520467836257,12.175753926501315
2024-03-28,STORE_18,PROD_001,7.170487217900322,18,0.9941520467836257,12.175753926501315
2024-03-29,STORE_18,PROD_001,10.671090111642332,9,0.9941520467836257,12.175753926501315
2024-03-30,STORE_18,PROD_001,10.538625713593044,19,0.9941520467836257,12.175753926501315
2024-03-31,STORE_18,PROD_001,11.546261094227988,12,0.9941520467836257,12.175753926501315
2024-03-25,STORE_18,PROD_002,13.717137965522934,17,0.9935205183585313,35.15096648705216
2024-03-26,STORE_18,PROD_002,13.37287513958634,14,0.9935205183585313,35.15096648705216
2024-03-27,STORE_18,PROD_002,13.514987454088851,16,0.9935205183585313,35.15096648705216
2024-03-28,STORE_18,PROD_002,13.221938429803455,11,0.9935205183585313,35.15096648705216
2024-03-29,STORE_18,PROD_002,20.48505910256534,24,0.9935205183585313,35.15096648705216
2024-03-30,STORE_18,PROD_002,19.106093642542337,20,0.9935205183585313,35.15096648705216
2024-03-31,STORE_18,PROD_002,19.69534382402287,20,0.9935205183585313,35.15096648705216
2024-03-25,STORE_18,PROD_003,8.306440767758929,10,0.9950248756218906,26.381499557816596
2024-03-26,STORE_18,PROD_003,8.638847226498752,10,0.9950248756218906,26.381499557816596
2024-03-27,STORE_18,PROD_003,8.958619973338688,6,0.9950248756218906,26.381499557816596
2024-03-28,STORE_18,PROD_003,8.601763565779196,9,0.9950248756218906,26.381499557816596
2024-03-29,STORE_18,PROD_003,11.86514663468833,9,0.9950248756218906,26.381499557816596
2024-03-30,STORE_18,PROD_003,11.218164743946142,14,0.9950248756218906,26.381499557816596
2024-03-31,STORE_18,PROD_003,11.893407631158972,10,0.9950248756218906,26.381499557816596
2024-03-25,STORE_18,PROD_004,9.38780992396204,8,0.989010989010989,17.886398223428138
2024-03-26,STORE_18,PROD_004,9.07070355812822,9,0.989010989010989,17.886398223428138
2024-03-27,STORE_18,PROD_004,9.405134444026874,9,0.989010989010989,17.886398223428138
2024-03-28,STORE_18,PROD_004,9.13631427950311,15,0.989010989010989,17.886398223428138
2024-03-29,STORE_18,PROD_004,14.166030166217164,13,0.989010989010989,17.886398223428138
2024-03-30,STORE_18,PROD_004,13.712612341233708,18,0.989010989010989,17.886398223428138
2024-03-31,STORE_18,PROD_004,15.432806123402953,17,0.989010989010989,17.886398223428138
2024-03-25,STORE_18,PROD_005,12.728114039596704,4,0.9883720930232558,34.30028935675546
2024-03-26,STORE_18,PROD_005,11.342579257521242,17,0.9883720930232558,34.30028935675546
2024-03-27,STORE_18,PROD_005,12.157427860376373,14,0.9883720930232558,34.30028935675546
2024-03-28,STORE_18,PROD_005,12.081012011222224,15,0.9883720930232558,34.30028935675546
2024-03-29,STORE_18,PROD_005,16.948702996557056,13,0.9883720930232558,34.30028935675546
2024-03-30,STORE_18,PROD_005,17.2697022574852,15,0.9883720930232558,34.30028935675546
2024-03-31,STORE_18,PROD_005,17.556783635635888,12,0.9883720930232558,34.30028935675546
2024-03-25,STORE_18,PROD_006,13.365106953062542,16,0.989247311827957,37.426765983566725
2024-03-26,STORE_18,PROD_006,13.217875248704484,8,0.989247311827957,37.426765983566725
2024-03-27,STORE_18,PROD_006,12.9475649909692,13,0.989247311827957,37.426765983566725
2024-03-28,STORE_18,PROD_006,13.203581973469008,9,0.989247311827957,37.426765983566725
2024-03-29,STORE_18,PROD_006,22.013581277285883,21,0.989247311827957,37.426765983566725
2024-03-30,STORE_18,PROD_006,20.22036211670836,9,0.989247311827957,37.426765983566725
2024-03-31,STORE_18,PROD_006,16.508236565415945,29,0.989247311827957,37.426765983566725
2024-03-25,STORE_18,PROD_007,14.103908660430129,20,0.9852216748768473,41.86214698906616
2024-03-26,STORE_18,PROD_007,14.995565881896177,11,0.9852216748768473,41.86214698906616
2024-03-27,STORE_18,PROD_007,15.361227544850657,14,0.9852216748768473,41.86214698906616
2024-03-28,STORE_18,PROD_007,14.814753087872377,15,0.9852216748768473,41.86214698906616
2024-03-29,STORE_18,PROD_007,23.568227968958176,36,0.9852216748768473,41.86214698906616
2024-03-30,STORE_18,PROD_007,25.354270706098422,24,0.9852216748768473,41.86214698906616
2024-03-31,STORE_18,PROD_007,24.98261993884091,23,0.9852216748768473,41.86214698906616
2024-03-25,STORE_18,PROD_008,11.528133717970643,14,0.9836065573770492,42.59332003067476
2024-03-26,STORE_18,PROD_008,10.545395857826215,9,0.9836065573770492,42.59332003067476
2024-03-27,STORE_18,PROD_008,10.958858076774623,11,0.9836065573770492,42.59332003067476
2024-03-28,STORE_18,PROD_008,10.92112190757721,11,0.9836065573770492,42.59332003067476
2024-03-29,STORE_18,PROD_008,16.133324490106506,19,0.9836065573770492,42.59332003067476
2024-03-30,STORE_18,PROD_008,16.635379557276995,23,0.9836065573770492,42.59332003067476
2024-03-31,STORE_18,PROD_008,17.954446659475092,16,0.9836065573770492,42.59332003067476
2024-03-25,STORE_19,PROD_001,6.623584619425319,9,0.9941520467836257,12.175753926501315
2024-03-26,STORE_19,PROD_001,6.583434720470245,7,0.9941520467836257,12.175753926501315
2024-03-27,STORE_19,PROD_001,6.480854523579684,4,0.9941520467836257,12.175753926501315
2024-03-28,STORE_19,PROD_001,6.420602131129694,5,0.9941520467836257,12.175753926501315
2024-03-29,STORE_19,PROD_001,9.01213872777258,6,0.9941520467836257,12.175753926501315
2024-03-30,STORE_19,PROD_001,8.832267540444873,3,0.9941520467836257,12.175753926501315
2024-03-31,STORE_19,PROD_001,8.538972385005733,5,0.9941520467836257,12.175753926501315
2024-03-25,STORE_19,PROD_002,8.929147897768726,7,0.9935205183585313,35.15096648705216
2024-03-26,STORE_19,PROD_002,8.538991288530829,12,0.9935205183585313,35.15096648705216
2024-03-27,STORE_19,PROD_002,9.006310378887646,9,0.9935205183585313,35.15096648705216
2024-03-28,STORE_19,PROD_002,8.826041080074251,10,0.9935205183585313,35.15096648705216
2024-03-29,STORE_19,PROD_002,14.272455689128153,15,0.9935205183585313,35.15096648705216
2024-03-30,STORE_19,PROD_002,13.776992257268036,15,0.9935205183585313,35.15096648705216
2024-03-31,STORE_19,PROD_002,12.406289398990422,22,0.9935205183585313,35.15096648705216
2024-03-25,STORE_19,PROD_003,9.818586014796299,10,0.9950248756218906,26.381499557816596
2024-03-26,STORE_19,PROD_003,9.437843319654128,11,0.9950248756218906,26.381499557816596
2024-03-27,STORE_19,PROD_003,9.660778105380905,4,0.9950248756218906,26.381499557816596
2024-03-28,STORE_19,PROD_003,9.206736173390022,12,0.9950248756218906,26.381499557816596
2024-03-29,STORE_19,PROD_003,15.779693825120637,14,0.9950248756218906,26.381499557816596
2024-03-30,STORE_19,PROD_003,15.489909941708332,20,0.9950248756218906,26.381499557816596
2024-03-31,STORE_19,PROD_003,15.670884597617652,13,0.9950248756218906,26.381499557816596
2024-03-25,STORE_19,PROD_004,6.410559449748671,3,0.989010989010989,17.886398223428138
2024-03-26,STORE_19,PROD_004,6.152961389981247,6,0.989010989010989,17.886398223428138
2024-03-27,STORE_19,PROD_004,6.2734271530397185,7,0.989010989010989,17.886398223428138
2024-03-28,STORE_19,PROD_004,6.200341509187931,4,0.989010989010989,17.886398223428138
2024-03-29,STORE_19,PROD_004,8.689313275152225,7,0.989010989010989,17.886398223428138
2024-03-30,STORE_19,PROD_004,8.698089455666999,3,0.989010989010989,17.886398223428138
2024-03-31,STORE_19,PROD_004,9.184725324046699,9,0.989010989010989,17.886398223428138
2024-03-25,STORE_19,PROD_005,24.316920858853504,32,0.9883720930232558,34.30028935675546
2024-03-26,STORE_19,PROD_005,23.38618349171085,22,0.9883720930232558,34.30028935675546
2024-03-27,STORE_19,PROD_005,23.362650828052004,23,0.9883720930232558,34.30028935675546
2024-03-28,STORE_19,PROD_005,23.59481669752046,28,0.9883720930232558,34.30028935675546
2024-03-29,STORE_19,PROD_005,27.608251870566534,22,0.9883720930232558,34.30028935675546
2024-03-30,STORE_19,PROD_005,25.456823410555327,38,0.9883720930232558,34.30028935675546
2024-03-31,STORE_19,PROD_005,28.50120510730072,33,0.9883720930232558,34.30028935675546
2024-03-25,STORE_19,PROD_006,12.849705744233301,17,0.989247311827957,37.426765983566725
2024-03-26,STORE_19,PROD_006,13.37804300446038,10,0.989247311827957,37.426765983566725
2024-03-27,STORE_19,PROD_006,13.554534795899766,7,0.989247311827957,37.426765983566725
2024-03-28,STORE_19,PROD_006,13.050860623148075,10,0.989247311827957,37.426765983566725
2024-03-29,STORE_19,PROD_006,23.933277755701315,29,0.989247311827957,37.426765983566725
2024-03-30,STORE_19,PROD_006,22.885233149732517,24,0.989247311827957,37.426765983566725
2024-03-31,STORE_19,PROD_006,23.210953789955862,25,0.989247311827957,37.426765983566725
2024-03-25,STORE_19,PROD_007,13.897611680517002,9,0.9852216748768473,41.86214698906616
2024-03-26,STORE_19,PROD_007,14.932974013881278,16,0.9852216748768473,41.86214698906616
2024-03-27,STORE_19,PROD_007,14.237372303613446,7,0.9852216748768473,41.86214698906616
2024-03-28,STORE_19,PROD_007,13.700431472292689,18,0.9852216748768473,41.86214698906616
2024-03-29,STORE_19,PROD_007,23.09826891956848,25,0.9852216748768473,41.86214698906616
2024-03-30,STORE_19,PROD_007,23.30765750818694,7,0.9852216748768473,41.86214698906616
2024-03-31,STORE_19,PROD_007,20.74692565427345,35,0.9852216748768473,41.86214698906616
2024-03-25,STORE_19,PROD_008,11.706933300685225,6,0.9836065573770492,42.59332003067476
2024-03-26,STORE_19,PROD_008,9.703598305022581,7,0.9836065573770492,42.59332003067476
2024-03-27,STORE_19,PROD_008,10.43462971812267,14,0.9836065573770492,42.59332003067476
2024-03-28,STORE_19,PROD_008,10.367016705516486,10,0.9836065573770492,42.59332003067476
2024-03-29,STORE_19,PROD_008,15.95969605260529,12,0.9836065573770492,42.59332003067476
2024-03-30,STORE_19,PROD_008,15.44739308118079,18,0.9836065573770492,42.59332003067476
2024-03-31,STORE_19,PROD_008,15.695999037379332,10,0.9836065573770492,42.59332003067476
2024-03-25,STORE_20,PROD_001,5.762841401003701,5,0.9941520467836257,12.175753926501315
2024-03-26,STORE_20,PROD_001,5.792662938246862,4,0.9941520467836257,12.175753926501315
2024-03-27,STORE_20,PROD_001,5.589542899713901,2,0.9941520467836257,12.175753926501315
2024-03-28,STORE_20,PROD_001,5.703255990686758,4,0.9941520467836257,12.175753926501315
2024-03-29,STORE_20,PROD_001,7.6487643496443765,6,0.9941520467836257,12.175753926501315
2024-03-30,STORE_20,PROD_001,7.527556416920782,7,0.9941520467836257,12.175753926501315
2024-03-31,STORE_20,PROD_001,7.1519974798853285,8,0.9941520467836257,12.175753926501315
2024-03-25,STORE_20,PROD_002,8.329802695188375,7,0.9935205183585313,35.15096648705216
2024-03-26,STORE_20,PROD_002,8.127415677983613,4,0.9935205183585313,35.15096648705216
2024-03-27,STORE_20,PROD_002,7.930787301573541,9,0.9935205183585313,35.15096648705216
2024-03-28,STORE_20,PROD_002,8.188331210439866,9,0.9935205183585313,35.15096648705216
2024-03-29,STORE_20,PROD_002,10.735250503374791,6,0.9935205183585313,35.15096648705216
2024-03-30,STORE_20,PROD_002,10.646454223123555,7,0.9935205183585313,35.15096648705216
2024-03-31,STORE_20,PROD_002,11.360199361588808,3,0.9935205183585313,35.15096648705216
2024-03-25,STORE_20,PROD_003,13.39076102603291,20,0.9950248756218906,26.381499557816596
2024-03-26,STORE_20,PROD_003,13.174881902477754,13,0.9950248756218906,26.381499557816596
2024-03-27,STORE_20,PROD_003,14.061976696273785,22,0.9950248756218906,26.381499557816596
2024-03-28,STORE_20,PROD_003,13.999848879083514,14,0.9950248756218906,26.381499557816596
2024-03-29,STORE_20,PROD_003,17.310054791212657,24,0.9950248756218906,26.381499557816596
2024-03-30,STORE_20,PROD_003,20.221360593860283,16,0.9950248756218906,26.381499557816596
2024-03-31,STORE_20,PROD_003,18.78636291972137,17,0.9950248756218906,26.381499557816596
2024-03-25,STORE_20,PROD_004,5.684874341246412,6,0.989010989010989,17.886398223428138
2024-03-26,STORE_20,PROD_004,5.213783416639416,5,0.989010989010989,17.886398223428138
2024-03-27,STORE_20,PROD_004,5.213783416639416,7,0.989010989010989,17.886398223428138
2024-03-28,STORE_20,PROD_004,5.68421196711461,1,0.989010989010989,17.886398223428138
2024-03-29,STORE_20,PROD_004,8.199883260489157,1,0.989010989010989,17.886398223428138
2024-03-30,STORE_20,PROD_004,6.706055578417455,6,0.989010989010989,17.886398223428138
2024-03-31,STORE_20,PROD_004,7.107255320019817,10,0.989010989010989,17.886398223428138
2024-03-25,STORE_20,PROD_005,13.92373145797746,15,0.9883720930232558,34.30028935675546
2024-03-26,STORE_20,PROD_005,14.324724890263342,14,0.9883720930232558,34.30028935675546
2024-03-27,STORE_20,PROD_005,15.021012245084432,12,0.9883720930232558,34.30028935675546
2024-03-28,STORE_20,PROD_005,14.486842865142636,14,0.9883720930232558,34.30028935675546
2024-03-29,STORE_20,PROD_005,22.97162855277742,24,0.9883720930232558,34.30028935675546
2024-03-30,STORE_20,PROD_005,22.96450278150487,23,0.9883720930232558,34.30028935675546
2024-03-31,STORE_20,PROD_005,24.174520769272767,25,0.9883720930232558,34.30028935675546
2024-03-25,STORE_20,PROD_006,14.785338290090069,21,0.989247311827957,37.426765983566725
2024-03-26,STORE_20,PROD_006,14.085378194586703,18,0.989247311827957,37.426765983566725
2024-03-27,STORE_20,PROD_006,14.634763979614403,14,0.989247311827957,37.426765983566725
2024-03-28,STORE_20,PROD_006,14.94613258839072,18,0.989247311827957,37.426765983566725
2024-03-29,STORE_20,PROD_006,22.416491726002402,28,0.989247311827957,37.426765983566725
2024-03-30,STORE_20,PROD_006,23.456877016210516,20,0.989247311827957,37.426765983566725
2024-03-31,STORE_20,PROD_006,21.10577048560446,33,0.989247311827957,37.426765983566725
2024-03-25,STORE_20,PROD_007,13.536695064967697,13,0.9852216748768473,41.86214698906616
2024-03-26,STORE_20,PROD_007,14.388695659522348,7,0.9852216748768473,41.86214698906616
2024-03-27,STORE_20,PROD_007,13.256065382670535,12,0.9852216748768473,41.86214698906616
2024-03-28,STORE_20,PROD_007,14.890677270497779,18,0.9852216748768473,41.86214698906616
2024-03-29,STORE_20,PROD_007,23.95409932045722,16,0.9852216748768473,41.86214698906616
2024-03-30,STORE_20,PROD_007,23.49025087375625,19,0.9852216748768473,41.86214698906616
2024-03-31,STORE_20,PROD_007,22.701782039051306,41,0.9852216748768473,41.86214698906616
2024-03-25,STORE_20,PROD_008,18.018267019885958,20,0.9836065573770492,42.59332003067476
2024-03-26,STORE_20,PROD_008,19.2625720512548,14,0.9836065573770492,42.59332003067476
2024-03-27,STORE_20,PROD_008,18.877391246952158,17,0.9836065573770492,42.59332003067476
2024-03-28,STORE_20,PROD_008,18.758733872946493,7,0.9836065573770492,42.59332003067476
2024-03-29,STORE_20,PROD_008,27.968011980422435,31,0.9836065573770492,42.59332003067476
2024-03-30,STORE_20,PROD_008,27.693413885084315,21,0.9836065573770492,42.59332003067476
2024-03-31,STORE_20,PROD_008,28.182441332039883,24,0.9836065573770492,42.59332003067476
